img,label
train/ferrari/6154.jpg,2
train/ford/6500.jpg,3
train/nvidia/8701.jpg,5
train/paulaner/8823.jpg,6
train/ford/6544.jpg,3
train/HP/7919.jpg,4
train/nvidia/8663.jpg,5
train/pepsi/9581.jpg,7
train/paulaner/9111.jpg,6
train/pepsi/9470.jpg,7
train/starbucks/10389.jpg,10
train/ferrari/6234.jpg,2
train/ups/12112.jpg,11
train/rittersport/9876.jpg,8
train/bmw/1656.jpg,1
train/nvidia/8588.jpg,5
train/nvidia/8713.jpg,5
train/ford/6580.jpg,3
train/paulaner/8748.jpg,6
train/paulaner/8740.jpg,6
train/rittersport/9866.jpg,8
train/nvidia/8715.jpg,5
train/nvidia/8587.jpg,5
train/starbucks/10608.jpg,10
train/paulaner/8801.jpg,6
train/rittersport/9952.jpg,8
train/bmw/1330.jpg,1
train/ford/6569.jpg,3
train/rittersport/9861.jpg,8
train/paulaner/9142.jpg,6
train/shell/10166.jpg,9
train/bmw/1347.jpg,1
train/paulaner/8837.jpg,6
train/becks/1143.jpg,0
train/ford/6523.jpg,3
train/ford/6524.jpg,3
train/becks/1029.jpg,0
train/becks/1015.jpg,0
train/rittersport/9737.jpg,8
train/paulaner/9001.jpg,6
train/starbucks/10815.jpg,10
train/HP/8004.jpg,4
train/pepsi/9497.jpg,7
train/ups/12262.jpg,11
train/ferrari/6177.jpg,2
train/ups/12054.jpg,11
train/rittersport/9906.jpg,8
train/ferrari/6421.jpg,2
train/ups/12075.jpg,11
train/bmw/1171.jpg,1
train/pepsi/9650.jpg,7
train/rittersport/9931.jpg,8
train/pepsi/9265.jpg,7
train/HP/7997.jpg,4
train/starbucks/10827.jpg,10
train/starbucks/10434.jpg,10
train/ferrari/6013.jpg,2
train/paulaner/8756.jpg,6
train/starbucks/10576.jpg,10
train/ups/12113.jpg,11
train/becks/1083.jpg,0
train/HP/7840.jpg,4
train/starbucks/10552.jpg,10
train/starbucks/10374.jpg,10
train/HP/7796.jpg,4
train/ford/6499.jpg,3
train/paulaner/8992.jpg,6
train/ferrari/6037.jpg,2
train/bmw/1706.jpg,1
train/rittersport/9860.jpg,8
train/ups/12125.jpg,11
train/becks/1064.jpg,0
train/bmw/1302.jpg,1
train/rittersport/9823.jpg,8
train/nvidia/8638.jpg,5
train/paulaner/8842.jpg,6
train/bmw/1370.jpg,1
train/ups/12270.jpg,11
train/ford/6469.jpg,3
train/ferrari/6351.jpg,2
train/ferrari/6230.jpg,2
train/paulaner/8783.jpg,6
train/ferrari/6043.jpg,2
train/ford/6527.jpg,3
train/paulaner/9031.jpg,6
train/bmw/1726.jpg,1
train/HP/7874.jpg,4
train/paulaner/8938.jpg,6
train/ferrari/6361.jpg,2
train/ford/6525.jpg,3
train/HP/7755.jpg,4
train/pepsi/9630.jpg,7
train/pepsi/9327.jpg,7
train/becks/1002.jpg,0
train/shell/10011.jpg,9
train/bmw/1168.jpg,1
train/rittersport/9957.jpg,8
train/paulaner/9066.jpg,6
train/ferrari/6210.jpg,2
train/HP/7775.jpg,4
train/shell/9986.jpg,9
train/ford/6594.jpg,3
train/pepsi/9263.jpg,7
train/bmw/1201.jpg,1
train/ferrari/6219.jpg,2
train/HP/7970.jpg,4
train/HP/7832.jpg,4
train/pepsi/9610.jpg,7
train/paulaner/8949.jpg,6
train/ups/12057.jpg,11
train/bmw/1713.jpg,1
train/pepsi/9652.jpg,7
train/ferrari/5967.jpg,2
train/bmw/1278.jpg,1
train/ups/12044.jpg,11
train/bmw/1317.jpg,1
train/becks/1098.jpg,0
train/ferrari/6031.jpg,2
train/becks/1025.jpg,0
train/nvidia/8631.jpg,5
train/pepsi/9483.jpg,7
train/ferrari/6438.jpg,2
train/nvidia/8648.jpg,5
train/pepsi/9359.jpg,7
train/ferrari/6393.jpg,2
train/nvidia/8684.jpg,5
train/ferrari/6129.jpg,2
train/paulaner/9085.jpg,6
train/ferrari/6259.jpg,2
train/ups/11989.jpg,11
train/pepsi/9654.jpg,7
train/becks/1032.jpg,0
train/paulaner/9019.jpg,6
train/shell/10174.jpg,9
train/ferrari/6141.jpg,2
train/pepsi/9253.jpg,7
train/bmw/1665.jpg,1
train/HP/7926.jpg,4
train/ferrari/6338.jpg,2
train/ups/11999.jpg,11
train/HP/7842.jpg,4
train/starbucks/10776.jpg,10
train/HP/7892.jpg,4
train/rittersport/9803.jpg,8
train/HP/7885.jpg,4
train/pepsi/9550.jpg,7
train/rittersport/9774.jpg,8
train/ferrari/6444.jpg,2
train/starbucks/10858.jpg,10
train/ferrari/6228.jpg,2
train/HP/7918.jpg,4
train/pepsi/9291.jpg,7
train/pepsi/9505.jpg,7
train/paulaner/9058.jpg,6
train/paulaner/8868.jpg,6
train/ferrari/6414.jpg,2
train/bmw/1262.jpg,1
train/shell/9991.jpg,9
train/ups/12083.jpg,11
train/rittersport/9933.jpg,8
train/bmw/1219.jpg,1
train/starbucks/10742.jpg,10
train/ferrari/6105.jpg,2
train/starbucks/10821.jpg,10
train/bmw/1599.jpg,1
train/pepsi/9224.jpg,7
train/paulaner/8891.jpg,6
train/ferrari/6077.jpg,2
train/bmw/1680.jpg,1
train/paulaner/9095.jpg,6
train/starbucks/10429.jpg,10
train/shell/10027.jpg,9
train/starbucks/10397.jpg,10
train/rittersport/9713.jpg,8
train/becks/1137.jpg,0
train/ferrari/6292.jpg,2
train/bmw/1643.jpg,1
train/ferrari/6003.jpg,2
train/pepsi/9482.jpg,7
train/rittersport/9832.jpg,8
train/nvidia/8661.jpg,5
train/paulaner/9194.jpg,6
train/becks/1142.jpg,0
train/paulaner/9127.jpg,6
train/ferrari/6446.jpg,2
train/pepsi/9525.jpg,7
train/paulaner/8795.jpg,6
train/paulaner/8933.jpg,6
train/ferrari/6209.jpg,2
train/ford/6447.jpg,3
train/rittersport/9716.jpg,8
train/bmw/1189.jpg,1
train/rittersport/9896.jpg,8
train/bmw/1409.jpg,1
train/starbucks/10445.jpg,10
train/HP/7780.jpg,4
train/becks/1161.jpg,0
train/becks/1149.jpg,0
train/ferrari/6375.jpg,2
train/HP/7815.jpg,4
train/bmw/1286.jpg,1
train/rittersport/9847.jpg,8
train/becks/1136.jpg,0
train/bmw/1490.jpg,1
train/bmw/1314.jpg,1
train/ferrari/6343.jpg,2
train/ferrari/5951.jpg,2
train/starbucks/10867.jpg,10
train/starbucks/10425.jpg,10
train/rittersport/9785.jpg,8
train/starbucks/10900.jpg,10
train/rittersport/9921.jpg,8
train/rittersport/9909.jpg,8
train/ups/12045.jpg,11
train/starbucks/10586.jpg,10
train/bmw/1344.jpg,1
train/bmw/1282.jpg,1
train/ups/12084.jpg,11
train/bmw/1425.jpg,1
train/shell/10065.jpg,9
train/ups/12028.jpg,11
train/paulaner/8807.jpg,6
train/bmw/1543.jpg,1
train/starbucks/10857.jpg,10
train/paulaner/9136.jpg,6
train/starbucks/10684.jpg,10
train/bmw/1341.jpg,1
train/ford/6455.jpg,3
train/shell/10053.jpg,9
train/pepsi/9627.jpg,7
train/becks/1076.jpg,0
train/rittersport/9711.jpg,8
train/nvidia/8552.jpg,5
train/HP/7875.jpg,4
train/shell/10079.jpg,9
train/bmw/1476.jpg,1
train/shell/10057.jpg,9
train/becks/1063.jpg,0
train/rittersport/9821.jpg,8
train/bmw/1550.jpg,1
train/starbucks/10843.jpg,10
train/ford/6581.jpg,3
train/paulaner/8803.jpg,6
train/paulaner/8918.jpg,6
train/pepsi/9625.jpg,7
train/HP/7730.jpg,4
train/paulaner/8745.jpg,6
train/pepsi/9303.jpg,7
train/starbucks/10556.jpg,10
train/ferrari/6315.jpg,2
train/paulaner/8814.jpg,6
train/ups/12204.jpg,11
train/rittersport/9895.jpg,8
train/HP/7767.jpg,4
train/bmw/1608.jpg,1
train/paulaner/8888.jpg,6
train/becks/1163.jpg,0
train/ferrari/6418.jpg,2
train/ferrari/6000.jpg,2
train/bmw/1254.jpg,1
train/ferrari/6215.jpg,2
train/paulaner/8860.jpg,6
train/pepsi/9387.jpg,7
train/shell/10119.jpg,9
train/bmw/1556.jpg,1
train/ferrari/6358.jpg,2
train/paulaner/8787.jpg,6
train/paulaner/9057.jpg,6
train/HP/7787.jpg,4
train/ups/12072.jpg,11
train/paulaner/8915.jpg,6
train/paulaner/8997.jpg,6
train/ford/6570.jpg,3
train/ups/12094.jpg,11
train/starbucks/10864.jpg,10
train/starbucks/10476.jpg,10
train/HP/7714.jpg,4
train/ferrari/6150.jpg,2
train/ferrari/6183.jpg,2
train/paulaner/9055.jpg,6
train/bmw/1426.jpg,1
train/bmw/1474.jpg,1
train/bmw/1712.jpg,1
train/pepsi/9314.jpg,7
train/starbucks/10533.jpg,10
train/HP/7798.jpg,4
train/ups/12076.jpg,11
train/starbucks/10731.jpg,10
train/bmw/1593.jpg,1
train/bmw/1657.jpg,1
train/ups/12288.jpg,11
train/starbucks/10889.jpg,10
train/pepsi/9584.jpg,7
train/rittersport/9817.jpg,8
train/pepsi/9434.jpg,7
train/bmw/1218.jpg,1
train/shell/9980.jpg,9
train/starbucks/10800.jpg,10
train/bmw/1491.jpg,1
train/paulaner/9131.jpg,6
train/paulaner/9104.jpg,6
train/starbucks/10744.jpg,10
train/ferrari/6400.jpg,2
train/pepsi/9491.jpg,7
train/HP/7811.jpg,4
train/HP/7823.jpg,4
train/pepsi/9466.jpg,7
train/ferrari/6347.jpg,2
train/pepsi/9686.jpg,7
train/paulaner/8934.jpg,6
train/shell/10146.jpg,9
train/HP/7977.jpg,4
train/pepsi/9562.jpg,7
train/nvidia/8676.jpg,5
train/shell/10118.jpg,9
train/shell/10061.jpg,9
train/ferrari/6164.jpg,2
train/ups/12231.jpg,11
train/ferrari/6388.jpg,2
train/paulaner/8926.jpg,6
train/shell/10088.jpg,9
train/paulaner/8732.jpg,6
train/ups/12282.jpg,11
train/starbucks/10685.jpg,10
train/starbucks/10745.jpg,10
train/rittersport/9891.jpg,8
train/nvidia/8641.jpg,5
train/bmw/1272.jpg,1
train/HP/7752.jpg,4
train/ups/12020.jpg,11
train/nvidia/8592.jpg,5
train/starbucks/10478.jpg,10
train/ferrari/6118.jpg,2
train/bmw/1415.jpg,1
train/pepsi/9677.jpg,7
train/pepsi/9558.jpg,7
train/paulaner/8806.jpg,6
train/pepsi/9453.jpg,7
train/bmw/1494.jpg,1
train/rittersport/9752.jpg,8
train/ups/12197.jpg,11
train/paulaner/8730.jpg,6
train/bmw/1640.jpg,1
train/pepsi/9262.jpg,7
train/bmw/1348.jpg,1
train/becks/1069.jpg,0
train/pepsi/9506.jpg,7
train/ups/12236.jpg,11
train/starbucks/10727.jpg,10
train/starbucks/10754.jpg,10
train/ford/6599.jpg,3
train/ferrari/5922.jpg,2
train/paulaner/8866.jpg,6
train/paulaner/8896.jpg,6
train/HP/7906.jpg,4
train/ferrari/6061.jpg,2
train/ferrari/6352.jpg,2
train/becks/1051.jpg,0
train/bmw/1695.jpg,1
train/ups/12162.jpg,11
train/paulaner/9064.jpg,6
train/paulaner/9158.jpg,6
train/ford/6636.jpg,3
train/bmw/1226.jpg,1
train/paulaner/9134.jpg,6
train/starbucks/10708.jpg,10
train/bmw/1522.jpg,1
train/ferrari/5950.jpg,2
train/paulaner/9026.jpg,6
train/shell/10145.jpg,9
train/pepsi/9600.jpg,7
train/HP/7909.jpg,4
train/bmw/1728.jpg,1
train/pepsi/9601.jpg,7
train/shell/10058.jpg,9
train/paulaner/8831.jpg,6
train/shell/10135.jpg,9
train/starbucks/10761.jpg,10
train/ups/12088.jpg,11
train/paulaner/8985.jpg,6
train/rittersport/9740.jpg,8
train/starbucks/10396.jpg,10
train/bmw/1431.jpg,1
train/ups/12027.jpg,11
train/HP/7864.jpg,4
train/ups/12167.jpg,11
train/starbucks/10583.jpg,10
train/paulaner/9056.jpg,6
train/becks/1122.jpg,0
train/ferrari/6334.jpg,2
train/rittersport/9818.jpg,8
train/becks/971.jpg,0
train/shell/9995.jpg,9
train/pepsi/9242.jpg,7
train/becks/1034.jpg,0
train/bmw/1589.jpg,1
train/ferrari/5933.jpg,2
train/bmw/1388.jpg,1
train/ferrari/6433.jpg,2
train/starbucks/10427.jpg,10
train/pepsi/9683.jpg,7
train/pepsi/9417.jpg,7
train/starbucks/10755.jpg,10
train/ferrari/6383.jpg,2
train/paulaner/8757.jpg,6
train/paulaner/8760.jpg,6
train/ferrari/5924.jpg,2
train/shell/10084.jpg,9
train/ferrari/5948.jpg,2
train/ford/6592.jpg,3
train/ferrari/6143.jpg,2
train/ferrari/6340.jpg,2
train/becks/1088.jpg,0
train/shell/10072.jpg,9
train/ferrari/6096.jpg,2
train/HP/8045.jpg,4
train/ferrari/6410.jpg,2
train/HP/7902.jpg,4
train/pepsi/9495.jpg,7
train/ups/12299.jpg,11
train/pepsi/9419.jpg,7
train/ferrari/6441.jpg,2
train/ferrari/6271.jpg,2
train/starbucks/10895.jpg,10
train/pepsi/9551.jpg,7
train/bmw/1702.jpg,1
train/paulaner/9110.jpg,6
train/ferrari/6283.jpg,2
train/bmw/1676.jpg,1
train/ford/6493.jpg,3
train/ford/6539.jpg,3
train/rittersport/9932.jpg,8
train/bmw/1378.jpg,1
train/paulaner/8733.jpg,6
train/becks/1135.jpg,0
train/pepsi/9245.jpg,7
train/paulaner/9161.jpg,6
train/pepsi/9702.jpg,7
train/ups/12093.jpg,11
train/ups/12183.jpg,11
train/bmw/1555.jpg,1
train/ferrari/6253.jpg,2
train/ups/11996.jpg,11
train/ford/6661.jpg,3
train/ups/12016.jpg,11
train/ferrari/6327.jpg,2
train/bmw/1239.jpg,1
train/nvidia/8559.jpg,5
train/ups/12238.jpg,11
train/bmw/1540.jpg,1
train/paulaner/8893.jpg,6
train/pepsi/9474.jpg,7
train/bmw/1542.jpg,1
train/bmw/1345.jpg,1
train/shell/10157.jpg,9
train/starbucks/10442.jpg,10
train/ups/12268.jpg,11
train/pepsi/9326.jpg,7
train/ferrari/5991.jpg,2
train/bmw/1401.jpg,1
train/HP/7900.jpg,4
train/starbucks/10725.jpg,10
train/nvidia/8600.jpg,5
train/paulaner/8925.jpg,6
train/ferrari/6060.jpg,2
train/bmw/1489.jpg,1
train/pepsi/9280.jpg,7
train/bmw/1498.jpg,1
train/bmw/1287.jpg,1
train/pepsi/9357.jpg,7
train/paulaner/8839.jpg,6
train/paulaner/8722.jpg,6
train/starbucks/10717.jpg,10
train/pepsi/9516.jpg,7
train/bmw/1197.jpg,1
train/ferrari/6034.jpg,2
train/pepsi/9309.jpg,7
train/starbucks/10529.jpg,10
train/starbucks/10550.jpg,10
train/ferrari/6341.jpg,2
train/ups/12135.jpg,11
train/ford/6495.jpg,3
train/pepsi/9396.jpg,7
train/starbucks/10752.jpg,10
train/starbucks/10878.jpg,10
train/starbucks/10666.jpg,10
train/starbucks/10530.jpg,10
train/HP/7897.jpg,4
train/nvidia/8595.jpg,5
train/paulaner/8741.jpg,6
train/paulaner/9028.jpg,6
train/starbucks/10532.jpg,10
train/ferrari/6378.jpg,2
train/ford/6600.jpg,3
train/ferrari/6094.jpg,2
train/paulaner/8912.jpg,6
train/starbucks/10379.jpg,10
train/shell/10030.jpg,9
train/bmw/1686.jpg,1
train/ferrari/6427.jpg,2
train/paulaner/8961.jpg,6
train/ford/6555.jpg,3
train/rittersport/9862.jpg,8
train/starbucks/10701.jpg,10
train/ford/6626.jpg,3
train/rittersport/9837.jpg,8
train/pepsi/9543.jpg,7
train/paulaner/9153.jpg,6
train/ups/12261.jpg,11
train/ferrari/6116.jpg,2
train/starbucks/10559.jpg,10
train/bmw/1257.jpg,1
train/starbucks/10893.jpg,10
train/becks/1062.jpg,0
train/pepsi/9343.jpg,7
train/paulaner/9148.jpg,6
train/bmw/1483.jpg,1
train/bmw/1376.jpg,1
train/ups/12266.jpg,11
train/ferrari/6202.jpg,2
train/bmw/1504.jpg,1
train/ferrari/6127.jpg,2
train/becks/1115.jpg,0
train/bmw/1533.jpg,1
train/starbucks/10377.jpg,10
train/shell/10056.jpg,9
train/ferrari/6440.jpg,2
train/ford/6512.jpg,3
train/nvidia/8603.jpg,5
train/starbucks/10791.jpg,10
train/HP/7773.jpg,4
train/HP/7792.jpg,4
train/paulaner/8930.jpg,6
train/starbucks/10673.jpg,10
train/ford/6552.jpg,3
train/HP/8012.jpg,4
train/ups/12166.jpg,11
train/ferrari/5955.jpg,2
train/ferrari/6434.jpg,2
train/nvidia/8706.jpg,5
train/pepsi/9705.jpg,7
train/pepsi/9620.jpg,7
train/starbucks/10498.jpg,10
train/bmw/1417.jpg,1
train/pepsi/9500.jpg,7
train/paulaner/8873.jpg,6
train/ups/12255.jpg,11
train/HP/7727.jpg,4
train/HP/7949.jpg,4
train/pepsi/9435.jpg,7
train/shell/10038.jpg,9
train/shell/10031.jpg,9
train/HP/7899.jpg,4
train/HP/7788.jpg,4
train/paulaner/9008.jpg,6
train/ferrari/5984.jpg,2
train/paulaner/8822.jpg,6
train/starbucks/10392.jpg,10
train/pepsi/9339.jpg,7
train/paulaner/8817.jpg,6
train/bmw/1626.jpg,1
train/nvidia/8582.jpg,5
train/ferrari/5989.jpg,2
train/bmw/1648.jpg,1
train/shell/10041.jpg,9
train/pepsi/9486.jpg,7
train/bmw/1458.jpg,1
train/ferrari/6263.jpg,2
train/starbucks/10884.jpg,10
train/bmw/1562.jpg,1
train/rittersport/9849.jpg,8
train/ferrari/6121.jpg,2
train/ups/12256.jpg,11
train/paulaner/8974.jpg,6
train/starbucks/10594.jpg,10
train/bmw/1235.jpg,1
train/starbucks/10479.jpg,10
train/paulaner/8965.jpg,6
train/pepsi/9492.jpg,7
train/ferrari/6381.jpg,2
train/pepsi/9642.jpg,7
train/pepsi/9533.jpg,7
train/ups/12152.jpg,11
train/paulaner/8734.jpg,6
train/paulaner/8754.jpg,6
train/becks/1114.jpg,0
train/ferrari/6357.jpg,2
train/ford/6553.jpg,3
train/ford/6529.jpg,3
train/starbucks/10789.jpg,10
train/starbucks/10378.jpg,10
train/ups/12078.jpg,11
train/ferrari/6005.jpg,2
train/pepsi/9443.jpg,7
train/nvidia/8637.jpg,5
train/HP/7932.jpg,4
train/bmw/1687.jpg,1
train/HP/7944.jpg,4
train/ferrari/6399.jpg,2
train/ford/6559.jpg,3
train/ferrari/6244.jpg,2
train/starbucks/10514.jpg,10
train/becks/1014.jpg,0
train/bmw/1470.jpg,1
train/pepsi/9480.jpg,7
train/ford/6608.jpg,3
train/ford/6677.jpg,3
train/pepsi/9536.jpg,7
train/ford/6470.jpg,3
train/paulaner/9126.jpg,6
train/becks/1047.jpg,0
train/ferrari/6272.jpg,2
train/starbucks/10505.jpg,10
train/pepsi/9549.jpg,7
train/starbucks/10704.jpg,10
train/ford/6545.jpg,3
train/bmw/1532.jpg,1
train/nvidia/8704.jpg,5
train/paulaner/9041.jpg,6
train/bmw/1601.jpg,1
train/pepsi/9563.jpg,7
train/HP/7921.jpg,4
train/ferrari/6092.jpg,2
train/ups/11987.jpg,11
train/ferrari/6321.jpg,2
train/rittersport/9789.jpg,8
train/HP/7820.jpg,4
train/rittersport/9844.jpg,8
train/starbucks/10407.jpg,10
train/rittersport/9859.jpg,8
train/pepsi/9278.jpg,7
train/bmw/1207.jpg,1
train/pepsi/9658.jpg,7
train/pepsi/9507.jpg,7
train/HP/7760.jpg,4
train/becks/1118.jpg,0
train/bmw/1546.jpg,1
train/rittersport/9830.jpg,8
train/becks/1124.jpg,0
train/starbucks/10753.jpg,10
train/starbucks/10703.jpg,10
train/ferrari/6337.jpg,2
train/becks/1010.jpg,0
train/starbucks/10801.jpg,10
train/starbucks/10658.jpg,10
train/becks/1071.jpg,0
train/becks/1125.jpg,0
train/starbucks/10811.jpg,10
train/paulaner/8987.jpg,6
train/shell/9985.jpg,9
train/ford/6460.jpg,3
train/shell/10113.jpg,9
train/ford/6482.jpg,3
train/nvidia/8577.jpg,5
train/ferrari/5923.jpg,2
train/pepsi/9511.jpg,7
train/rittersport/9746.jpg,8
train/becks/1052.jpg,0
train/becks/1110.jpg,0
train/bmw/1673.jpg,1
train/starbucks/10563.jpg,10
train/paulaner/8830.jpg,6
train/starbucks/10439.jpg,10
train/bmw/1200.jpg,1
train/pepsi/9587.jpg,7
train/ups/11998.jpg,11
train/shell/10039.jpg,9
train/bmw/1387.jpg,1
train/starbucks/10423.jpg,10
train/ferrari/6100.jpg,2
train/HP/7965.jpg,4
train/starbucks/10892.jpg,10
train/pepsi/9454.jpg,7
train/starbucks/10773.jpg,10
train/starbucks/10794.jpg,10
train/ford/6501.jpg,3
train/starbucks/10710.jpg,10
train/ups/12150.jpg,11
train/pepsi/9692.jpg,7
train/bmw/1603.jpg,1
train/rittersport/9960.jpg,8
train/starbucks/10382.jpg,10
train/pepsi/9317.jpg,7
train/bmw/1634.jpg,1
train/HP/7742.jpg,4
train/starbucks/10543.jpg,10
train/ford/6557.jpg,3
train/ups/12203.jpg,11
train/bmw/1450.jpg,1
train/bmw/1274.jpg,1
train/bmw/1252.jpg,1
train/HP/8021.jpg,4
train/bmw/1716.jpg,1
train/shell/10002.jpg,9
train/bmw/1453.jpg,1
train/bmw/1398.jpg,1
train/paulaner/8759.jpg,6
train/starbucks/10647.jpg,10
train/bmw/1283.jpg,1
train/paulaner/8828.jpg,6
train/pepsi/9490.jpg,7
train/pepsi/9629.jpg,7
train/shell/10017.jpg,9
train/ferrari/6134.jpg,2
train/pepsi/9405.jpg,7
train/pepsi/9708.jpg,7
train/rittersport/9734.jpg,8
train/nvidia/8669.jpg,5
train/pepsi/9556.jpg,7
train/ford/6637.jpg,3
train/pepsi/9279.jpg,7
train/starbucks/10896.jpg,10
train/pepsi/9400.jpg,7
train/ferrari/6016.jpg,2
train/rittersport/9886.jpg,8
train/pepsi/9542.jpg,7
train/starbucks/10902.jpg,10
train/ferrari/6330.jpg,2
train/pepsi/9284.jpg,7
train/bmw/1584.jpg,1
train/HP/7877.jpg,4
train/rittersport/9757.jpg,8
train/ferrari/6108.jpg,2
train/pepsi/9665.jpg,7
train/rittersport/9809.jpg,8
train/bmw/1679.jpg,1
train/rittersport/9897.jpg,8
train/ferrari/6040.jpg,2
train/ferrari/6020.jpg,2
train/shell/10006.jpg,9
train/ups/12225.jpg,11
train/bmw/1196.jpg,1
train/HP/7759.jpg,4
train/rittersport/9825.jpg,8
train/ford/6641.jpg,3
train/ford/6628.jpg,3
train/ford/6568.jpg,3
train/bmw/1719.jpg,1
train/becks/1078.jpg,0
train/pepsi/9573.jpg,7
train/becks/1053.jpg,0
train/paulaner/8929.jpg,6
train/HP/7718.jpg,4
train/ups/12283.jpg,11
train/paulaner/8935.jpg,6
train/becks/1104.jpg,0
train/shell/10138.jpg,9
train/HP/7805.jpg,4
train/bmw/1248.jpg,1
train/pepsi/9509.jpg,7
train/starbucks/10779.jpg,10
train/bmw/1664.jpg,1
train/pepsi/9621.jpg,7
train/ford/6521.jpg,3
train/shell/9997.jpg,9
train/paulaner/9092.jpg,6
train/bmw/1338.jpg,1
train/ferrari/6160.jpg,2
train/ferrari/5939.jpg,2
train/ferrari/6110.jpg,2
train/ferrari/6316.jpg,2
train/ford/6459.jpg,3
train/paulaner/8869.jpg,6
train/paulaner/8951.jpg,6
train/starbucks/10859.jpg,10
train/nvidia/8572.jpg,5
train/ferrari/6420.jpg,2
train/starbucks/10491.jpg,10
train/starbucks/10694.jpg,10
train/ups/12145.jpg,11
train/bmw/1299.jpg,1
train/nvidia/8612.jpg,5
train/ferrari/6214.jpg,2
train/ford/6573.jpg,3
train/ferrari/5945.jpg,2
train/pepsi/9222.jpg,7
train/paulaner/9183.jpg,6
train/rittersport/9926.jpg,8
train/pepsi/9442.jpg,7
train/ford/6646.jpg,3
train/ups/12104.jpg,11
train/rittersport/9717.jpg,8
train/becks/1011.jpg,0
train/pepsi/9433.jpg,7
train/ups/12087.jpg,11
train/HP/7853.jpg,4
train/paulaner/8927.jpg,6
train/ferrari/6126.jpg,2
train/paulaner/8917.jpg,6
train/bmw/1208.jpg,1
train/ferrari/6227.jpg,2
train/HP/7894.jpg,4
train/paulaner/9035.jpg,6
train/paulaner/9078.jpg,6
train/ford/6590.jpg,3
train/ford/6560.jpg,3
train/ford/6551.jpg,3
train/pepsi/9493.jpg,7
train/HP/7913.jpg,4
train/rittersport/9795.jpg,8
train/ferrari/6002.jpg,2
train/nvidia/8691.jpg,5
train/HP/7995.jpg,4
train/ford/6665.jpg,3
train/rittersport/9739.jpg,8
train/nvidia/8657.jpg,5
train/ferrari/6220.jpg,2
train/ups/12138.jpg,11
train/ferrari/6308.jpg,2
train/paulaner/9023.jpg,6
train/ups/12022.jpg,11
train/ford/6656.jpg,3
train/becks/1100.jpg,0
train/nvidia/8566.jpg,5
train/ford/6506.jpg,3
train/bmw/1580.jpg,1
train/bmw/1419.jpg,1
train/starbucks/10730.jpg,10
train/ups/12287.jpg,11
train/paulaner/9030.jpg,6
train/paulaner/8922.jpg,6
train/paulaner/9084.jpg,6
train/rittersport/9765.jpg,8
train/ups/12274.jpg,11
train/bmw/1307.jpg,1
train/ford/6515.jpg,3
train/HP/7914.jpg,4
train/bmw/1666.jpg,1
train/starbucks/10782.jpg,10
train/starbucks/10592.jpg,10
train/starbucks/10760.jpg,10
train/bmw/1628.jpg,1
train/HP/7984.jpg,4
train/ford/6611.jpg,3
train/starbucks/10804.jpg,10
train/HP/7713.jpg,4
train/pepsi/9561.jpg,7
train/bmw/1430.jpg,1
train/starbucks/10549.jpg,10
train/becks/992.jpg,0
train/ups/12247.jpg,11
train/ford/6518.jpg,3
train/becks/997.jpg,0
train/ford/6478.jpg,3
train/paulaner/9113.jpg,6
train/bmw/1346.jpg,1
train/paulaner/8945.jpg,6
train/pepsi/9534.jpg,7
train/bmw/1190.jpg,1
train/paulaner/9088.jpg,6
train/pepsi/9603.jpg,7
train/becks/1096.jpg,0
train/pepsi/9313.jpg,7
train/HP/7928.jpg,4
train/starbucks/10497.jpg,10
train/starbucks/10511.jpg,10
train/bmw/1530.jpg,1
train/bmw/1353.jpg,1
train/pepsi/9426.jpg,7
train/bmw/1441.jpg,1
train/starbucks/10453.jpg,10
train/shell/10132.jpg,9
train/starbucks/10542.jpg,10
train/pepsi/9381.jpg,7
train/rittersport/9843.jpg,8
train/ford/6643.jpg,3
train/bmw/1250.jpg,1
train/rittersport/9758.jpg,8
train/ferrari/6015.jpg,2
train/bmw/1696.jpg,1
train/nvidia/8541.jpg,5
train/starbucks/10447.jpg,10
train/bmw/1298.jpg,1
train/bmw/1548.jpg,1
train/starbucks/10680.jpg,10
train/pepsi/9334.jpg,7
train/paulaner/8794.jpg,6
train/HP/7881.jpg,4
train/becks/1090.jpg,0
train/rittersport/9912.jpg,8
train/ford/6635.jpg,3
train/bmw/1677.jpg,1
train/bmw/1707.jpg,1
train/bmw/1594.jpg,1
train/ferrari/6251.jpg,2
train/bmw/1313.jpg,1
train/nvidia/8716.jpg,5
train/ford/6678.jpg,3
train/paulaner/9065.jpg,6
train/ferrari/6007.jpg,2
train/bmw/1509.jpg,1
train/paulaner/8993.jpg,6
train/ferrari/6087.jpg,2
train/ups/12205.jpg,11
train/HP/7980.jpg,4
train/ferrari/6198.jpg,2
train/ferrari/6139.jpg,2
train/pepsi/9663.jpg,7
train/ups/12144.jpg,11
train/pepsi/9346.jpg,7
train/starbucks/10686.jpg,10
train/paulaner/8876.jpg,6
train/bmw/1279.jpg,1
train/bmw/1576.jpg,1
train/rittersport/9831.jpg,8
train/rittersport/9950.jpg,8
train/bmw/1629.jpg,1
train/paulaner/8774.jpg,6
train/pepsi/9380.jpg,7
train/bmw/1213.jpg,1
train/shell/10013.jpg,9
train/becks/1153.jpg,0
train/ups/12025.jpg,11
train/ferrari/6091.jpg,2
train/shell/10036.jpg,9
train/starbucks/10605.jpg,10
train/starbucks/10493.jpg,10
train/pepsi/9517.jpg,7
train/bmw/1369.jpg,1
train/shell/10168.jpg,9
train/shell/10175.jpg,9
train/paulaner/9063.jpg,6
train/starbucks/10691.jpg,10
train/pepsi/9300.jpg,7
train/pepsi/9595.jpg,7
train/starbucks/10628.jpg,10
train/starbucks/10406.jpg,10
train/shell/10083.jpg,9
train/nvidia/8643.jpg,5
train/ford/6624.jpg,3
train/pepsi/9655.jpg,7
train/becks/1033.jpg,0
train/rittersport/9877.jpg,8
train/bmw/1220.jpg,1
train/starbucks/10762.jpg,10
train/paulaner/8856.jpg,6
train/ups/12207.jpg,11
train/HP/8044.jpg,4
train/starbucks/10877.jpg,10
train/ford/6650.jpg,3
train/shell/10035.jpg,9
train/ford/6468.jpg,3
train/bmw/1508.jpg,1
train/HP/8040.jpg,4
train/becks/1082.jpg,0
train/ford/6593.jpg,3
train/paulaner/9129.jpg,6
train/ups/12026.jpg,11
train/ferrari/6101.jpg,2
train/bmw/1320.jpg,1
train/bmw/1547.jpg,1
train/bmw/1525.jpg,1
train/pepsi/9360.jpg,7
train/starbucks/10888.jpg,10
train/ups/12030.jpg,11
train/rittersport/9890.jpg,8
train/HP/7785.jpg,4
train/pepsi/9362.jpg,7
train/starbucks/10455.jpg,10
train/bmw/1446.jpg,1
train/becks/1091.jpg,0
train/ferrari/6326.jpg,2
train/becks/1157.jpg,0
train/pepsi/9244.jpg,7
train/rittersport/9760.jpg,8
train/ferrari/6053.jpg,2
train/rittersport/9788.jpg,8
train/starbucks/10551.jpg,10
train/bmw/1619.jpg,1
train/bmw/1581.jpg,1
train/ford/6496.jpg,3
train/ferrari/6006.jpg,2
train/ford/6614.jpg,3
train/pepsi/9531.jpg,7
train/ups/12143.jpg,11
train/paulaner/9156.jpg,6
train/paulaner/8999.jpg,6
train/starbucks/10468.jpg,10
train/shell/9967.jpg,9
train/ups/12264.jpg,11
train/HP/7725.jpg,4
train/starbucks/10477.jpg,10
train/shell/10037.jpg,9
train/becks/1046.jpg,0
train/paulaner/9012.jpg,6
train/ups/12129.jpg,11
train/ferrari/6193.jpg,2
train/ups/12002.jpg,11
train/bmw/1258.jpg,1
train/bmw/1590.jpg,1
train/ford/6522.jpg,3
train/rittersport/9780.jpg,8
train/becks/1160.jpg,0
train/ferrari/5998.jpg,2
train/pepsi/9622.jpg,7
train/pepsi/9593.jpg,7
train/HP/7866.jpg,4
train/pepsi/9605.jpg,7
train/starbucks/10657.jpg,10
train/becks/991.jpg,0
train/bmw/1301.jpg,1
train/starbucks/10391.jpg,10
train/ups/12154.jpg,11
train/HP/7893.jpg,4
train/ups/12195.jpg,11
train/ferrari/6216.jpg,2
train/rittersport/9867.jpg,8
train/pepsi/9626.jpg,7
train/ups/12140.jpg,11
train/starbucks/10797.jpg,10
train/ford/6640.jpg,3
train/bmw/1503.jpg,1
train/pepsi/9582.jpg,7
train/HP/7804.jpg,4
train/HP/7868.jpg,4
train/nvidia/8598.jpg,5
train/starbucks/10771.jpg,10
train/rittersport/9766.jpg,8
train/starbucks/10420.jpg,10
train/ferrari/6412.jpg,2
train/pepsi/9385.jpg,7
train/ferrari/6089.jpg,2
train/bmw/1559.jpg,1
train/rittersport/9736.jpg,8
train/paulaner/8742.jpg,6
train/paulaner/9118.jpg,6
train/ups/12252.jpg,11
train/bmw/1511.jpg,1
train/bmw/1614.jpg,1
train/paulaner/9000.jpg,6
train/ferrari/5959.jpg,2
train/starbucks/10408.jpg,10
train/ups/12114.jpg,11
train/ford/6584.jpg,3
train/bmw/1217.jpg,1
train/pepsi/9696.jpg,7
train/becks/1041.jpg,0
train/starbucks/10433.jpg,10
train/paulaner/8970.jpg,6
train/starbucks/10899.jpg,10
train/pepsi/9685.jpg,7
train/bmw/1379.jpg,1
train/HP/7876.jpg,4
train/bmw/1457.jpg,1
train/bmw/1433.jpg,1
train/starbucks/10555.jpg,10
train/nvidia/8619.jpg,5
train/bmw/1359.jpg,1
train/ups/12131.jpg,11
train/starbucks/10664.jpg,10
train/ferrari/6355.jpg,2
train/HP/7870.jpg,4
train/ups/12092.jpg,11
train/nvidia/8569.jpg,5
train/HP/7857.jpg,4
train/becks/1030.jpg,0
train/paulaner/8791.jpg,6
train/starbucks/10462.jpg,10
train/pepsi/9612.jpg,7
train/HP/7871.jpg,4
train/ferrari/5917.jpg,2
train/bmw/1232.jpg,1
train/shell/10000.jpg,9
train/bmw/1327.jpg,1
train/shell/10044.jpg,9
train/ferrari/6354.jpg,2
train/pepsi/9208.jpg,7
train/pepsi/9206.jpg,7
train/rittersport/9822.jpg,8
train/paulaner/9180.jpg,6
train/shell/10004.jpg,9
train/ferrari/6403.jpg,2
train/starbucks/10784.jpg,10
train/starbucks/10711.jpg,10
train/ups/12048.jpg,11
train/starbucks/10818.jpg,10
train/pepsi/9695.jpg,7
train/becks/1081.jpg,0
train/nvidia/8689.jpg,5
train/rittersport/9770.jpg,8
train/starbucks/10515.jpg,10
train/bmw/1549.jpg,1
train/pepsi/9570.jpg,7
train/starbucks/10763.jpg,10
train/ferrari/6166.jpg,2
train/paulaner/8958.jpg,6
train/starbucks/10601.jpg,10
train/paulaner/8727.jpg,6
train/ferrari/5949.jpg,2
train/ferrari/6065.jpg,2
train/ferrari/6168.jpg,2
train/starbucks/10662.jpg,10
train/starbucks/10879.jpg,10
train/paulaner/9141.jpg,6
train/ferrari/6106.jpg,2
train/starbucks/10436.jpg,10
train/HP/7848.jpg,4
train/becks/977.jpg,0
train/starbucks/10411.jpg,10
train/ups/12011.jpg,11
train/paulaner/8769.jpg,6
train/ford/6604.jpg,3
train/ford/6537.jpg,3
train/ferrari/6435.jpg,2
train/starbucks/10728.jpg,10
train/pepsi/9608.jpg,7
train/becks/1065.jpg,0
train/nvidia/8678.jpg,5
train/ups/12181.jpg,11
train/rittersport/9864.jpg,8
train/ford/6622.jpg,3
train/HP/7981.jpg,4
train/ferrari/6265.jpg,2
train/HP/7747.jpg,4
train/bmw/1182.jpg,1
train/pepsi/9649.jpg,7
train/ferrari/6344.jpg,2
train/nvidia/8550.jpg,5
train/shell/10171.jpg,9
train/becks/1144.jpg,0
train/ford/6475.jpg,3
train/paulaner/8920.jpg,6
train/starbucks/10795.jpg,10
train/rittersport/9915.jpg,8
train/starbucks/10865.jpg,10
train/bmw/1487.jpg,1
train/rittersport/9894.jpg,8
train/paulaner/8799.jpg,6
train/starbucks/10644.jpg,10
train/starbucks/10860.jpg,10
train/HP/7828.jpg,4
train/paulaner/8818.jpg,6
train/paulaner/8990.jpg,6
train/paulaner/8937.jpg,6
train/pepsi/9418.jpg,7
train/ford/6671.jpg,3
train/ups/12039.jpg,11
train/paulaner/8832.jpg,6
train/shell/10093.jpg,9
train/pepsi/9698.jpg,7
train/pepsi/9324.jpg,7
train/starbucks/10837.jpg,10
train/bmw/1452.jpg,1
train/HP/7879.jpg,4
train/bmw/1280.jpg,1
train/starbucks/10848.jpg,10
train/HP/7912.jpg,4
train/ferrari/5971.jpg,2
train/pepsi/9215.jpg,7
train/becks/1070.jpg,0
train/pepsi/9404.jpg,7
train/ferrari/5931.jpg,2
train/bmw/1697.jpg,1
train/ferrari/6274.jpg,2
train/becks/1116.jpg,0
train/HP/7990.jpg,4
train/starbucks/10700.jpg,10
train/pepsi/9682.jpg,7
train/ford/6575.jpg,3
train/shell/9975.jpg,9
train/becks/1006.jpg,0
train/shell/10029.jpg,9
train/HP/7878.jpg,4
train/paulaner/9157.jpg,6
train/HP/7939.jpg,4
train/rittersport/9953.jpg,8
train/shell/9978.jpg,9
train/pepsi/9513.jpg,7
train/rittersport/9801.jpg,8
train/ups/12128.jpg,11
train/pepsi/9286.jpg,7
train/ups/12258.jpg,11
train/ferrari/5969.jpg,2
train/ups/12248.jpg,11
train/ferrari/6222.jpg,2
train/pepsi/9578.jpg,7
train/bmw/1371.jpg,1
train/bmw/1321.jpg,1
train/ups/12082.jpg,11
train/HP/7869.jpg,4
train/paulaner/9147.jpg,6
train/paulaner/8779.jpg,6
train/ferrari/6114.jpg,2
train/pepsi/9329.jpg,7
train/starbucks/10375.jpg,10
train/paulaner/9119.jpg,6
train/bmw/1261.jpg,1
train/rittersport/9871.jpg,8
train/paulaner/8907.jpg,6
train/paulaner/8899.jpg,6
train/starbucks/10697.jpg,10
train/shell/9976.jpg,9
train/HP/7813.jpg,4
train/starbucks/10766.jpg,10
train/starbucks/10402.jpg,10
train/HP/7749.jpg,4
train/bmw/1183.jpg,1
train/ferrari/6225.jpg,2
train/HP/7953.jpg,4
train/pepsi/9217.jpg,7
train/paulaner/9002.jpg,6
train/ford/6452.jpg,3
train/pepsi/9580.jpg,7
train/paulaner/8998.jpg,6
train/pepsi/9267.jpg,7
train/paulaner/8947.jpg,6
train/pepsi/9424.jpg,7
train/HP/7974.jpg,4
train/ford/6633.jpg,3
train/ferrari/6415.jpg,2
train/ford/6556.jpg,3
train/becks/1119.jpg,0
train/becks/1060.jpg,0
train/nvidia/8546.jpg,5
train/pepsi/9560.jpg,7
train/paulaner/8843.jpg,6
train/starbucks/10449.jpg,10
train/paulaner/9162.jpg,6
train/nvidia/8651.jpg,5
train/paulaner/8780.jpg,6
train/shell/9966.jpg,9
train/pepsi/9518.jpg,7
train/paulaner/9093.jpg,6
train/becks/1004.jpg,0
train/HP/7936.jpg,4
train/pepsi/9251.jpg,7
train/pepsi/9624.jpg,7
train/paulaner/8758.jpg,6
train/pepsi/9348.jpg,7
train/pepsi/9707.jpg,7
train/paulaner/8874.jpg,6
train/ferrari/6371.jpg,2
train/rittersport/9786.jpg,8
train/ferrari/6432.jpg,2
train/bmw/1186.jpg,1
train/paulaner/9010.jpg,6
train/paulaner/8905.jpg,6
train/paulaner/8986.jpg,6
train/bmw/1527.jpg,1
train/HP/7860.jpg,4
train/rittersport/9839.jpg,8
train/nvidia/8658.jpg,5
train/ferrari/6078.jpg,2
train/starbucks/10690.jpg,10
train/pepsi/9363.jpg,7
train/shell/10105.jpg,9
train/ferrari/6293.jpg,2
train/starbucks/10403.jpg,10
train/pepsi/9566.jpg,7
train/bmw/1295.jpg,1
train/bmw/1535.jpg,1
train/HP/7789.jpg,4
train/bmw/1334.jpg,1
train/nvidia/8694.jpg,5
train/nvidia/8650.jpg,5
train/nvidia/8665.jpg,5
train/nvidia/8578.jpg,5
train/becks/1055.jpg,0
train/starbucks/10774.jpg,10
train/bmw/1692.jpg,1
train/bmw/1625.jpg,1
train/shell/10078.jpg,9
train/ups/12161.jpg,11
train/ferrari/6379.jpg,2
train/ford/6530.jpg,3
train/ferrari/6151.jpg,2
train/starbucks/10845.jpg,10
train/ferrari/6275.jpg,2
train/ferrari/6422.jpg,2
train/ford/6642.jpg,3
train/rittersport/9806.jpg,8
train/becks/994.jpg,0
train/pepsi/9447.jpg,7
train/shell/10074.jpg,9
train/becks/1009.jpg,0
train/paulaner/9102.jpg,6
train/ferrari/6122.jpg,2
train/ford/6649.jpg,3
train/starbucks/10734.jpg,10
train/bmw/1260.jpg,1
train/HP/7917.jpg,4
train/pepsi/9366.jpg,7
train/ford/6464.jpg,3
train/shell/9994.jpg,9
train/bmw/1567.jpg,1
train/ferrari/6236.jpg,2
train/shell/9981.jpg,9
train/ups/12023.jpg,11
train/ferrari/5963.jpg,2
train/ups/12017.jpg,11
train/paulaner/8979.jpg,6
train/starbucks/10829.jpg,10
train/nvidia/8548.jpg,5
train/ferrari/6302.jpg,2
train/ferrari/6281.jpg,2
train/HP/7915.jpg,4
train/bmw/1176.jpg,1
train/bmw/1440.jpg,1
train/ford/6685.jpg,3
train/pepsi/9413.jpg,7
train/bmw/1284.jpg,1
train/paulaner/9125.jpg,6
train/shell/10139.jpg,9
train/ferrari/6095.jpg,2
train/shell/10149.jpg,9
train/paulaner/8768.jpg,6
train/bmw/1222.jpg,1
train/rittersport/9901.jpg,8
train/paulaner/9083.jpg,6
train/ups/11990.jpg,11
train/rittersport/9764.jpg,8
train/pepsi/9273.jpg,7
train/ferrari/6258.jpg,2
train/bmw/1335.jpg,1
train/bmw/1333.jpg,1
train/bmw/1368.jpg,1
train/paulaner/9047.jpg,6
train/starbucks/10524.jpg,10
train/becks/1132.jpg,0
train/shell/10008.jpg,9
train/bmw/1466.jpg,1
train/nvidia/8697.jpg,5
train/starbucks/10839.jpg,10
train/paulaner/8956.jpg,6
train/ups/12089.jpg,11
train/starbucks/10790.jpg,10
train/shell/10137.jpg,9
train/ferrari/5957.jpg,2
train/HP/7784.jpg,4
train/paulaner/8964.jpg,6
train/ups/12219.jpg,11
train/bmw/1529.jpg,1
train/ups/12294.jpg,11
train/ferrari/6255.jpg,2
train/shell/10090.jpg,9
train/starbucks/10720.jpg,10
train/ferrari/6257.jpg,2
train/HP/8007.jpg,4
train/ford/6449.jpg,3
train/paulaner/8882.jpg,6
train/shell/10081.jpg,9
train/ups/12043.jpg,11
train/starbucks/10486.jpg,10
train/pepsi/9264.jpg,7
train/HP/8022.jpg,4
train/shell/9983.jpg,9
train/bmw/1610.jpg,1
train/starbucks/10854.jpg,10
train/starbucks/10510.jpg,10
train/ferrari/6156.jpg,2
train/ford/6673.jpg,3
train/bmw/1178.jpg,1
train/pepsi/9416.jpg,7
train/starbucks/10631.jpg,10
train/nvidia/8621.jpg,5
train/ups/12064.jpg,11
train/HP/7729.jpg,4
train/bmw/1720.jpg,1
train/bmw/1558.jpg,1
train/starbucks/10831.jpg,10
train/ferrari/6046.jpg,2
train/ferrari/6195.jpg,2
train/HP/7947.jpg,4
train/ups/12216.jpg,11
train/ferrari/6039.jpg,2
train/ferrari/6161.jpg,2
train/ups/12190.jpg,11
train/bmw/1554.jpg,1
train/paulaner/9090.jpg,6
train/paulaner/8909.jpg,6
train/HP/7863.jpg,4
train/rittersport/9791.jpg,8
train/becks/1094.jpg,0
train/HP/7745.jpg,4
train/ford/6485.jpg,3
train/bmw/1627.jpg,1
train/pepsi/9403.jpg,7
train/starbucks/10783.jpg,10
train/pepsi/9237.jpg,7
train/ups/12164.jpg,11
train/pepsi/9661.jpg,7
train/starbucks/10584.jpg,10
train/nvidia/8571.jpg,5
train/bmw/1358.jpg,1
train/pepsi/9320.jpg,7
train/ferrari/6266.jpg,2
train/starbucks/10636.jpg,10
train/rittersport/9775.jpg,8
train/becks/1019.jpg,0
train/HP/7999.jpg,4
train/bmw/1350.jpg,1
train/HP/7802.jpg,4
train/paulaner/8855.jpg,6
train/ups/12293.jpg,11
train/rittersport/9714.jpg,8
train/pepsi/9207.jpg,7
train/starbucks/10714.jpg,10
train/bmw/1408.jpg,1
train/bmw/1290.jpg,1
train/HP/7910.jpg,4
train/pepsi/9411.jpg,7
train/paulaner/9020.jpg,6
train/ford/6519.jpg,3
train/ferrari/6390.jpg,2
train/pepsi/9690.jpg,7
train/nvidia/8581.jpg,5
train/pepsi/9269.jpg,7
train/bmw/1703.jpg,1
train/paulaner/8853.jpg,6
train/HP/8005.jpg,4
train/HP/8035.jpg,4
train/starbucks/10613.jpg,10
train/HP/7771.jpg,4
train/ferrari/6133.jpg,2
train/nvidia/8677.jpg,5
train/ferrari/6320.jpg,2
train/ups/12123.jpg,11
train/bmw/1308.jpg,1
train/shell/9989.jpg,9
train/pepsi/9352.jpg,7
train/nvidia/8683.jpg,5
train/rittersport/9820.jpg,8
train/rittersport/9743.jpg,8
train/pepsi/9402.jpg,7
train/pepsi/9444.jpg,7
train/paulaner/8903.jpg,6
train/ups/11986.jpg,11
train/ferrari/6285.jpg,2
train/starbucks/10400.jpg,10
train/HP/7898.jpg,4
train/shell/10001.jpg,9
train/rittersport/9732.jpg,8
train/paulaner/8761.jpg,6
train/nvidia/8649.jpg,5
train/ford/6526.jpg,3
train/ups/12038.jpg,11
train/bmw/1422.jpg,1
train/starbucks/10540.jpg,10
train/ferrari/6084.jpg,2
train/starbucks/10665.jpg,10
train/pepsi/9407.jpg,7
train/ferrari/5936.jpg,2
train/becks/980.jpg,0
train/rittersport/9728.jpg,8
train/starbucks/10707.jpg,10
train/starbucks/10806.jpg,10
train/ford/6571.jpg,3
train/starbucks/10572.jpg,10
train/ford/6489.jpg,3
train/nvidia/8633.jpg,5
train/starbucks/10812.jpg,10
train/ferrari/6023.jpg,2
train/nvidia/8699.jpg,5
train/ferrari/6380.jpg,2
train/becks/1130.jpg,0
train/bmw/1617.jpg,1
train/starbucks/10642.jpg,10
train/bmw/1195.jpg,1
train/becks/999.jpg,0
train/starbucks/10492.jpg,10
train/paulaner/8743.jpg,6
train/pepsi/9392.jpg,7
train/paulaner/9072.jpg,6
train/HP/7770.jpg,4
train/starbucks/10574.jpg,10
train/bmw/1661.jpg,1
train/ups/12122.jpg,11
train/bmw/1496.jpg,1
train/ups/12218.jpg,11
train/nvidia/8547.jpg,5
train/bmw/1363.jpg,1
train/ferrari/6413.jpg,2
train/HP/7987.jpg,4
train/ups/12099.jpg,11
train/HP/7925.jpg,4
train/paulaner/8960.jpg,6
train/ferrari/6074.jpg,2
train/HP/7721.jpg,4
train/pepsi/9240.jpg,7
train/ford/6670.jpg,3
train/paulaner/9077.jpg,6
train/becks/1077.jpg,0
train/paulaner/8977.jpg,6
train/HP/8037.jpg,4
train/rittersport/9754.jpg,8
train/HP/7719.jpg,4
train/shell/10095.jpg,9
train/becks/1058.jpg,0
train/shell/9965.jpg,9
train/ferrari/6010.jpg,2
train/pepsi/9664.jpg,7
train/pepsi/9644.jpg,7
train/rittersport/9845.jpg,8
train/ferrari/6392.jpg,2
train/ferrari/5927.jpg,2
train/paulaner/9022.jpg,6
train/rittersport/9846.jpg,8
train/rittersport/9814.jpg,8
train/rittersport/9868.jpg,8
train/becks/1126.jpg,0
train/bmw/1582.jpg,1
train/paulaner/9130.jpg,6
train/ferrari/6232.jpg,2
train/rittersport/9777.jpg,8
train/ups/12169.jpg,11
train/HP/7955.jpg,4
train/nvidia/8623.jpg,5
train/rittersport/9723.jpg,8
train/ferrari/5905.jpg,2
train/bmw/1477.jpg,1
train/bmw/1485.jpg,1
train/starbucks/10421.jpg,10
train/rittersport/9805.jpg,8
train/paulaner/8859.jpg,6
train/ford/6652.jpg,3
train/bmw/1236.jpg,1
train/ford/6660.jpg,3
train/pepsi/9390.jpg,7
train/ups/11995.jpg,11
train/ferrari/6017.jpg,2
train/pepsi/9448.jpg,7
train/rittersport/9852.jpg,8
train/ferrari/6305.jpg,2
train/paulaner/8777.jpg,6
train/paulaner/9049.jpg,6
train/pepsi/9521.jpg,7
train/ferrari/6068.jpg,2
train/bmw/1187.jpg,1
train/bmw/1246.jpg,1
train/bmw/1459.jpg,1
train/HP/8042.jpg,4
train/shell/10148.jpg,9
train/ferrari/6185.jpg,2
train/paulaner/8962.jpg,6
train/becks/967.jpg,0
train/HP/7983.jpg,4
train/becks/1066.jpg,0
train/ferrari/5930.jpg,2
train/starbucks/10643.jpg,10
train/paulaner/8857.jpg,6
train/starbucks/10460.jpg,10
train/pepsi/9544.jpg,7
train/ferrari/5910.jpg,2
train/rittersport/9948.jpg,8
train/ferrari/5961.jpg,2
train/ford/6561.jpg,3
train/bmw/1482.jpg,1
train/starbucks/10619.jpg,10
train/starbucks/10822.jpg,10
train/pepsi/9290.jpg,7
train/starbucks/10696.jpg,10
train/ferrari/6223.jpg,2
train/bmw/1644.jpg,1
train/ferrari/6423.jpg,2
train/starbucks/10504.jpg,10
train/ferrari/6099.jpg,2
train/paulaner/8865.jpg,6
train/pepsi/9198.jpg,7
train/ferrari/6014.jpg,2
train/nvidia/8544.jpg,5
train/shell/10107.jpg,9
train/rittersport/9798.jpg,8
train/starbucks/10732.jpg,10
train/ups/12126.jpg,11
train/bmw/1166.jpg,1
train/shell/10005.jpg,9
train/nvidia/8690.jpg,5
train/HP/7846.jpg,4
train/starbucks/10781.jpg,10
train/ferrari/6350.jpg,2
train/rittersport/9725.jpg,8
train/bmw/1202.jpg,1
train/becks/1151.jpg,0
train/shell/10108.jpg,9
train/pepsi/9231.jpg,7
train/bmw/1180.jpg,1
train/ford/6510.jpg,3
train/pepsi/9361.jpg,7
train/ferrari/5902.jpg,2
train/pepsi/9427.jpg,7
train/pepsi/9401.jpg,7
train/pepsi/9440.jpg,7
train/bmw/1462.jpg,1
train/pepsi/9503.jpg,7
train/ford/6528.jpg,3
train/ferrari/5968.jpg,2
train/paulaner/9116.jpg,6
train/starbucks/10645.jpg,10
train/becks/982.jpg,0
train/starbucks/10876.jpg,10
train/bmw/1319.jpg,1
train/bmw/1362.jpg,1
train/HP/7740.jpg,4
train/HP/7952.jpg,4
train/starbucks/10604.jpg,10
train/ups/12286.jpg,11
train/starbucks/10418.jpg,10
train/ford/6619.jpg,3
train/ferrari/6083.jpg,2
train/HP/7967.jpg,4
train/rittersport/9767.jpg,8
train/pepsi/9464.jpg,7
train/HP/7991.jpg,4
train/ferrari/6237.jpg,2
train/ferrari/6409.jpg,2
train/rittersport/9888.jpg,8
train/pepsi/9640.jpg,7
train/ups/12105.jpg,11
train/nvidia/8564.jpg,5
train/ferrari/6026.jpg,2
train/ups/12134.jpg,11
train/paulaner/8721.jpg,6
train/shell/10115.jpg,9
train/ups/12116.jpg,11
train/ferrari/6280.jpg,2
train/bmw/1291.jpg,1
train/starbucks/10809.jpg,10
train/bmw/1385.jpg,1
train/bmw/1473.jpg,1
train/bmw/1194.jpg,1
train/paulaner/8848.jpg,6
train/paulaner/8944.jpg,6
train/pepsi/9354.jpg,7
train/ferrari/6246.jpg,2
train/starbucks/10466.jpg,10
train/ferrari/6345.jpg,2
train/HP/7837.jpg,4
train/rittersport/9951.jpg,8
train/becks/1109.jpg,0
train/starbucks/10537.jpg,10
train/HP/7935.jpg,4
train/starbucks/10883.jpg,10
train/bmw/1361.jpg,1
train/ford/6615.jpg,3
train/nvidia/8698.jpg,5
train/starbucks/10626.jpg,10
train/ferrari/5992.jpg,2
train/pepsi/9335.jpg,7
train/bmw/1216.jpg,1
train/ford/6663.jpg,3
train/pepsi/9294.jpg,7
train/ferrari/6429.jpg,2
train/ups/12259.jpg,11
train/starbucks/10740.jpg,10
train/nvidia/8565.jpg,5
train/paulaner/8908.jpg,6
train/ups/12109.jpg,11
train/starbucks/10416.jpg,10
train/starbucks/10838.jpg,10
train/ups/12155.jpg,11
train/ferrari/5942.jpg,2
train/starbucks/10494.jpg,10
train/starbucks/10585.jpg,10
train/pepsi/9467.jpg,7
train/shell/10052.jpg,9
train/paulaner/9163.jpg,6
train/HP/8033.jpg,4
train/paulaner/8996.jpg,6
train/paulaner/8850.jpg,6
train/bmw/1205.jpg,1
train/starbucks/10830.jpg,10
train/ferrari/6333.jpg,2
train/bmw/1560.jpg,1
train/ups/12278.jpg,11
train/shell/9999.jpg,9
train/bmw/1480.jpg,1
train/starbucks/10778.jpg,10
train/bmw/1611.jpg,1
train/HP/7806.jpg,4
train/starbucks/10526.jpg,10
train/bmw/1705.jpg,1
train/ups/12193.jpg,11
train/rittersport/9893.jpg,8
train/ferrari/5947.jpg,2
train/rittersport/9955.jpg,8
train/ford/6481.jpg,3
train/pepsi/9541.jpg,7
train/rittersport/9841.jpg,8
train/bmw/1588.jpg,1
train/rittersport/9930.jpg,8
train/ferrari/6428.jpg,2
train/ferrari/5977.jpg,2
train/HP/7833.jpg,4
train/pepsi/9532.jpg,7
train/pepsi/9606.jpg,7
train/ups/12179.jpg,11
train/bmw/1635.jpg,1
train/ferrari/6169.jpg,2
train/ferrari/6313.jpg,2
train/ferrari/6445.jpg,2
train/ups/11993.jpg,11
train/pepsi/9656.jpg,7
train/HP/7790.jpg,4
train/pepsi/9618.jpg,7
train/pepsi/9675.jpg,7
train/ups/12275.jpg,11
train/ferrari/6071.jpg,2
train/ups/12007.jpg,11
train/ferrari/5972.jpg,2
train/starbucks/10578.jpg,10
train/starbucks/10649.jpg,10
train/ferrari/5944.jpg,2
train/bmw/1501.jpg,1
train/paulaner/8841.jpg,6
train/paulaner/8816.jpg,6
train/nvidia/8610.jpg,5
train/bmw/1391.jpg,1
train/bmw/1383.jpg,1
train/starbucks/10398.jpg,10
train/bmw/1456.jpg,1
train/paulaner/9174.jpg,6
train/ups/12031.jpg,11
train/bmw/1519.jpg,1
train/ferrari/6373.jpg,2
train/nvidia/8601.jpg,5
train/shell/9973.jpg,9
train/bmw/1382.jpg,1
train/HP/7743.jpg,4
train/ferrari/6287.jpg,2
train/becks/1013.jpg,0
train/ferrari/6374.jpg,2
train/starbucks/10627.jpg,10
train/bmw/1667.jpg,1
train/pepsi/9539.jpg,7
train/bmw/1167.jpg,1
train/ford/6679.jpg,3
train/ford/6648.jpg,3
train/starbucks/10722.jpg,10
train/bmw/1326.jpg,1
train/paulaner/9137.jpg,6
train/starbucks/10428.jpg,10
train/ferrari/6137.jpg,2
train/pepsi/9229.jpg,7
train/ferrari/6318.jpg,2
train/becks/1067.jpg,0
train/HP/7941.jpg,4
train/pepsi/9377.jpg,7
train/paulaner/9075.jpg,6
train/ups/12147.jpg,11
train/bmw/1223.jpg,1
train/HP/7751.jpg,4
train/shell/10110.jpg,9
train/rittersport/9838.jpg,8
train/ups/12050.jpg,11
train/becks/1156.jpg,0
train/ferrari/6264.jpg,2
train/nvidia/8686.jpg,5
train/bmw/1275.jpg,1
train/paulaner/8946.jpg,6
train/becks/1099.jpg,0
train/paulaner/8789.jpg,6
train/rittersport/9850.jpg,8
train/ups/12130.jpg,11
train/HP/7817.jpg,4
train/bmw/1177.jpg,1
train/HP/7762.jpg,4
train/rittersport/9904.jpg,8
train/ups/12136.jpg,11
train/becks/973.jpg,0
train/paulaner/8898.jpg,6
train/paulaner/8901.jpg,6
train/bmw/1618.jpg,1
train/HP/7795.jpg,4
train/paulaner/8980.jpg,6
train/HP/7940.jpg,4
train/ferrari/6370.jpg,2
train/bmw/1602.jpg,1
train/starbucks/10901.jpg,10
train/becks/1150.jpg,0
train/ferrari/6348.jpg,2
train/pepsi/9421.jpg,7
train/becks/1128.jpg,0
train/pepsi/9456.jpg,7
train/ford/6596.jpg,3
train/ups/12085.jpg,11
train/bmw/1609.jpg,1
train/ferrari/6165.jpg,2
train/pepsi/9358.jpg,7
train/ferrari/6176.jpg,2
train/bmw/1300.jpg,1
train/ferrari/6353.jpg,2
train/nvidia/8554.jpg,5
train/paulaner/8864.jpg,6
train/ferrari/5909.jpg,2
train/rittersport/9781.jpg,8
train/rittersport/9936.jpg,8
train/ups/12263.jpg,11
train/starbucks/10841.jpg,10
train/paulaner/8981.jpg,6
train/ferrari/6367.jpg,2
train/shell/9996.jpg,9
train/nvidia/8604.jpg,5
train/rittersport/9881.jpg,8
train/HP/7998.jpg,4
train/paulaner/8840.jpg,6
train/paulaner/8845.jpg,6
train/shell/10109.jpg,9
train/ups/12300.jpg,11
train/bmw/1372.jpg,1
train/bmw/1607.jpg,1
train/pepsi/9494.jpg,7
train/pepsi/9700.jpg,7
train/HP/7763.jpg,4
train/pepsi/9239.jpg,7
train/ups/12211.jpg,11
train/bmw/1685.jpg,1
train/shell/10064.jpg,9
train/ferrari/6117.jpg,2
train/nvidia/8568.jpg,5
train/ups/12062.jpg,11
train/nvidia/8563.jpg,5
train/ferrari/5903.jpg,2
train/starbucks/10750.jpg,10
train/ups/12049.jpg,11
train/ford/6535.jpg,3
train/ferrari/5993.jpg,2
train/rittersport/9858.jpg,8
train/ferrari/6218.jpg,2
train/HP/7931.jpg,4
train/HP/7850.jpg,4
train/ford/6632.jpg,3
train/ferrari/6442.jpg,2
train/paulaner/8737.jpg,6
train/pepsi/9345.jpg,7
train/starbucks/10459.jpg,10
train/rittersport/9851.jpg,8
train/shell/10082.jpg,9
train/ups/12298.jpg,11
train/HP/7861.jpg,4
train/ford/6572.jpg,3
train/ford/6634.jpg,3
train/ford/6654.jpg,3
train/ferrari/5976.jpg,2
train/rittersport/9914.jpg,8
train/ups/12137.jpg,11
train/starbucks/10765.jpg,10
train/starbucks/10424.jpg,10
train/starbucks/10785.jpg,10
train/paulaner/8968.jpg,6
train/ups/12004.jpg,11
train/pepsi/9643.jpg,7
train/becks/981.jpg,0
train/becks/1068.jpg,0
train/pepsi/9569.jpg,7
train/bmw/1670.jpg,1
train/starbucks/10683.jpg,10
train/HP/7888.jpg,4
train/paulaner/9112.jpg,6
train/HP/7814.jpg,4
train/bmw/1583.jpg,1
train/paulaner/8910.jpg,6
train/ups/12015.jpg,11
train/paulaner/9144.jpg,6
train/ford/6532.jpg,3
train/pepsi/9657.jpg,7
train/ford/6682.jpg,3
train/bmw/1393.jpg,1
train/HP/7901.jpg,4
train/pepsi/9676.jpg,7
train/nvidia/8594.jpg,5
train/rittersport/9724.jpg,8
train/HP/7824.jpg,4
train/ups/12036.jpg,11
train/ferrari/6162.jpg,2
train/paulaner/9189.jpg,6
train/shell/10162.jpg,9
train/pepsi/9340.jpg,7
train/shell/10102.jpg,9
train/nvidia/8670.jpg,5
train/HP/7758.jpg,4
train/rittersport/9815.jpg,8
train/starbucks/10897.jpg,10
train/ups/12120.jpg,11
train/pepsi/9520.jpg,7
train/starbucks/10671.jpg,10
train/nvidia/8642.jpg,5
train/starbucks/10786.jpg,10
train/pepsi/9501.jpg,7
train/ferrari/5954.jpg,2
train/bmw/1512.jpg,1
train/becks/1079.jpg,0
train/bmw/1230.jpg,1
train/shell/10092.jpg,9
train/starbucks/10451.jpg,10
train/starbucks/10620.jpg,10
train/ups/12285.jpg,11
train/paulaner/8943.jpg,6
train/HP/8038.jpg,4
train/ford/6603.jpg,3
train/bmw/1564.jpg,1
train/bmw/1523.jpg,1
train/HP/7825.jpg,4
train/rittersport/9882.jpg,8
train/bmw/1231.jpg,1
train/pepsi/9376.jpg,7
train/paulaner/8963.jpg,6
train/pepsi/9415.jpg,7
train/ford/6563.jpg,3
train/starbucks/10874.jpg,10
train/ferrari/6056.jpg,2
train/ups/12220.jpg,11
train/ford/6681.jpg,3
train/HP/7911.jpg,4
train/starbucks/10516.jpg,10
train/pepsi/9336.jpg,7
train/rittersport/9800.jpg,8
train/HP/7769.jpg,4
train/becks/1152.jpg,0
train/pepsi/9332.jpg,7
train/ford/6576.jpg,3
train/ferrari/6189.jpg,2
train/paulaner/8892.jpg,6
train/bmw/1306.jpg,1
train/paulaner/9062.jpg,6
train/pepsi/9527.jpg,7
train/pepsi/9638.jpg,7
train/starbucks/10615.jpg,10
train/ford/6565.jpg,3
train/ferrari/6011.jpg,2
train/ford/6540.jpg,3
train/ups/12069.jpg,11
train/shell/10099.jpg,9
train/shell/10112.jpg,9
train/starbucks/10768.jpg,10
train/becks/1162.jpg,0
train/becks/1084.jpg,0
train/ups/12081.jpg,11
train/ferrari/6298.jpg,2
train/bmw/1561.jpg,1
train/rittersport/9840.jpg,8
train/nvidia/8607.jpg,5
train/ford/6505.jpg,3
train/pepsi/9529.jpg,7
train/pepsi/9410.jpg,7
train/ferrari/6443.jpg,2
train/starbucks/10399.jpg,10
train/starbucks/10748.jpg,10
train/bmw/1238.jpg,1
train/paulaner/8923.jpg,6
train/starbucks/10869.jpg,10
train/paulaner/9007.jpg,6
train/becks/1147.jpg,0
train/pepsi/9538.jpg,7
train/nvidia/8561.jpg,5
train/pepsi/9353.jpg,7
train/paulaner/9155.jpg,6
train/ups/12158.jpg,11
train/starbucks/10881.jpg,10
train/pepsi/9499.jpg,7
train/ups/12196.jpg,11
train/paulaner/8924.jpg,6
train/HP/7774.jpg,4
train/rittersport/9923.jpg,8
train/starbucks/10527.jpg,10
train/shell/10120.jpg,9
train/paulaner/9059.jpg,6
train/paulaner/8829.jpg,6
train/starbucks/10618.jpg,10
train/bmw/1507.jpg,1
train/HP/8006.jpg,4
train/HP/7943.jpg,4
train/ferrari/6152.jpg,2
train/pepsi/9328.jpg,7
train/shell/10097.jpg,9
train/rittersport/9829.jpg,8
train/paulaner/8725.jpg,6
train/starbucks/10373.jpg,10
train/paulaner/8897.jpg,6
train/ferrari/6328.jpg,2
train/starbucks/10602.jpg,10
train/nvidia/8655.jpg,5
train/shell/10147.jpg,9
train/ups/12224.jpg,11
train/HP/7920.jpg,4
train/HP/7783.jpg,4
train/paulaner/8793.jpg,6
train/ford/6631.jpg,3
train/ford/6662.jpg,3
train/rittersport/9779.jpg,8
train/ferrari/6279.jpg,2
train/paulaner/8936.jpg,6
train/nvidia/8709.jpg,5
train/ferrari/6038.jpg,2
train/starbucks/10832.jpg,10
train/HP/7826.jpg,4
train/bmw/1505.jpg,1
train/pepsi/9535.jpg,7
train/ups/12141.jpg,11
train/pepsi/9459.jpg,7
train/bmw/1296.jpg,1
train/bmw/1544.jpg,1
train/paulaner/9036.jpg,6
train/starbucks/10891.jpg,10
train/paulaner/8971.jpg,6
train/ford/6606.jpg,3
train/ferrari/5921.jpg,2
train/pepsi/9706.jpg,7
train/pepsi/9585.jpg,7
train/paulaner/8731.jpg,6
train/rittersport/9813.jpg,8
train/rittersport/9898.jpg,8
train/shell/10136.jpg,9
train/ups/12148.jpg,11
train/ford/6667.jpg,3
train/ferrari/6203.jpg,2
train/ferrari/6217.jpg,2
train/rittersport/9834.jpg,8
train/bmw/1675.jpg,1
train/HP/7973.jpg,4
train/ups/12173.jpg,11
train/bmw/1381.jpg,1
train/pepsi/9670.jpg,7
train/ferrari/6323.jpg,2
train/bmw/1445.jpg,1
train/pepsi/9216.jpg,7
train/starbucks/10713.jpg,10
train/bmw/1357.jpg,1
train/pepsi/9281.jpg,7
train/pepsi/9473.jpg,7
train/becks/1120.jpg,0
train/paulaner/8902.jpg,6
train/starbucks/10523.jpg,10
train/bmw/1242.jpg,1
train/HP/7722.jpg,4
train/HP/7979.jpg,4
train/nvidia/8654.jpg,5
train/pepsi/9393.jpg,7
train/shell/10091.jpg,9
train/starbucks/10581.jpg,10
train/bmw/1631.jpg,1
train/paulaner/8976.jpg,6
train/paulaner/8785.jpg,6
train/pepsi/9681.jpg,7
train/ferrari/6172.jpg,2
train/paulaner/9025.jpg,6
train/paulaner/9190.jpg,6
train/ferrari/6317.jpg,2
train/pepsi/9465.jpg,7
train/ups/12185.jpg,11
train/bmw/1198.jpg,1
train/HP/7950.jpg,4
train/starbucks/10787.jpg,10
train/bmw/1428.jpg,1
train/starbucks/10611.jpg,10
train/bmw/1289.jpg,1
train/pepsi/9212.jpg,7
train/paulaner/8914.jpg,6
train/ford/6610.jpg,3
train/rittersport/9911.jpg,8
train/starbucks/10501.jpg,10
train/pepsi/9567.jpg,7
train/bmw/1443.jpg,1
train/HP/7794.jpg,4
train/bmw/1461.jpg,1
train/pepsi/9488.jpg,7
train/starbucks/10792.jpg,10
train/pepsi/9489.jpg,7
train/nvidia/8615.jpg,5
train/pepsi/9316.jpg,7
train/ups/12046.jpg,11
train/paulaner/8916.jpg,6
train/shell/10158.jpg,9
train/shell/10143.jpg,9
train/starbucks/10481.jpg,10
train/rittersport/9802.jpg,8
train/pepsi/9477.jpg,7
train/nvidia/8614.jpg,5
train/paulaner/9005.jpg,6
train/bmw/1386.jpg,1
train/pepsi/9639.jpg,7
train/pepsi/9394.jpg,7
train/ferrari/6365.jpg,2
train/ferrari/6391.jpg,2
train/shell/10066.jpg,9
train/nvidia/8682.jpg,5
train/pepsi/9202.jpg,7
train/ferrari/6144.jpg,2
train/HP/7818.jpg,4
train/HP/7916.jpg,4
train/ferrari/6207.jpg,2
train/nvidia/8549.jpg,5
train/bmw/1572.jpg,1
train/ups/12297.jpg,11
train/ford/6620.jpg,3
train/pepsi/9687.jpg,7
train/ups/12191.jpg,11
train/starbucks/10573.jpg,10
train/pepsi/9565.jpg,7
train/pepsi/9347.jpg,7
train/starbucks/10733.jpg,10
train/bmw/1595.jpg,1
train/HP/7978.jpg,4
train/ford/6456.jpg,3
train/starbucks/10712.jpg,10
train/pepsi/9386.jpg,7
train/pepsi/9668.jpg,7
train/starbucks/10855.jpg,10
train/rittersport/9920.jpg,8
train/starbucks/10541.jpg,10
train/ferrari/6041.jpg,2
train/bmw/1193.jpg,1
train/ups/12240.jpg,11
train/bmw/1416.jpg,1
train/nvidia/8692.jpg,5
train/becks/1008.jpg,0
train/becks/1087.jpg,0
train/starbucks/10637.jpg,10
train/paulaner/9029.jpg,6
train/paulaner/8736.jpg,6
train/becks/965.jpg,0
train/paulaner/9151.jpg,6
train/starbucks/10437.jpg,10
train/nvidia/8606.jpg,5
train/paulaner/9087.jpg,6
train/rittersport/9872.jpg,8
train/paulaner/9132.jpg,6
train/bmw/1658.jpg,1
train/paulaner/9067.jpg,6
train/starbucks/10390.jpg,10
train/pepsi/9590.jpg,7
train/paulaner/9017.jpg,6
train/ford/6554.jpg,3
train/becks/1036.jpg,0
train/ups/12067.jpg,11
train/pepsi/9204.jpg,7
train/pepsi/9689.jpg,7
train/starbucks/10454.jpg,10
train/bmw/1651.jpg,1
train/paulaner/9052.jpg,6
train/bmw/1245.jpg,1
train/starbucks/10695.jpg,10
train/becks/1044.jpg,0
train/ferrari/6376.jpg,2
train/becks/1089.jpg,0
train/bmw/1570.jpg,1
train/bmw/1475.jpg,1
train/rittersport/9749.jpg,8
train/shell/10042.jpg,9
train/rittersport/9735.jpg,8
train/pepsi/9283.jpg,7
train/HP/8026.jpg,4
train/nvidia/8705.jpg,5
train/paulaner/8852.jpg,6
train/bmw/1460.jpg,1
train/pepsi/9293.jpg,7
train/pepsi/9631.jpg,7
train/rittersport/9761.jpg,8
train/paulaner/8749.jpg,6
train/ford/6597.jpg,3
train/ford/6488.jpg,3
train/paulaner/8782.jpg,6
train/ferrari/5996.jpg,2
train/becks/983.jpg,0
train/starbucks/10503.jpg,10
train/pepsi/9648.jpg,7
train/ups/12059.jpg,11
train/HP/8046.jpg,4
train/bmw/1598.jpg,1
train/ferrari/6057.jpg,2
train/ferrari/6050.jpg,2
train/paulaner/9138.jpg,6
train/ferrari/6079.jpg,2
train/paulaner/8966.jpg,6
train/HP/7845.jpg,4
train/pepsi/9232.jpg,7
train/bmw/1328.jpg,1
train/rittersport/9742.jpg,8
train/nvidia/8675.jpg,5
train/bmw/1484.jpg,1
train/pepsi/9628.jpg,7
train/starbucks/10655.jpg,10
train/paulaner/8883.jpg,6
train/paulaner/9043.jpg,6
train/ford/6664.jpg,3
train/pepsi/9277.jpg,7
train/ferrari/6252.jpg,2
train/pepsi/9367.jpg,7
train/bmw/1710.jpg,1
train/paulaner/8805.jpg,6
train/bmw/1493.jpg,1
train/paulaner/9140.jpg,6
train/ferrari/5934.jpg,2
train/pepsi/9699.jpg,7
train/ferrari/6047.jpg,2
train/ferrari/6080.jpg,2
train/bmw/1225.jpg,1
train/ford/6466.jpg,3
train/paulaner/9171.jpg,6
train/paulaner/8784.jpg,6
train/ferrari/6389.jpg,2
train/starbucks/10484.jpg,10
train/becks/1127.jpg,0
train/ups/12280.jpg,11
train/rittersport/9919.jpg,8
train/bmw/1481.jpg,1
train/bmw/1682.jpg,1
train/becks/1113.jpg,0
train/rittersport/9928.jpg,8
train/shell/10129.jpg,9
train/ferrari/6179.jpg,2
train/paulaner/8911.jpg,6
train/HP/7732.jpg,4
train/pepsi/9372.jpg,7
train/bmw/1169.jpg,1
train/shell/10077.jpg,9
train/pepsi/9430.jpg,7
train/becks/1059.jpg,0
train/ferrari/6197.jpg,2
train/pepsi/9292.jpg,7
train/ford/6503.jpg,3
train/HP/7903.jpg,4
train/shell/10025.jpg,9
train/paulaner/9086.jpg,6
train/ferrari/6289.jpg,2
train/HP/7958.jpg,4
train/rittersport/9755.jpg,8
train/ford/6567.jpg,3
train/ups/12215.jpg,11
train/starbucks/10639.jpg,10
train/starbucks/10414.jpg,10
train/bmw/1725.jpg,1
train/pepsi/9257.jpg,7
train/paulaner/8751.jpg,6
train/HP/8002.jpg,4
train/HP/7726.jpg,4
train/nvidia/8636.jpg,5
train/starbucks/10598.jpg,10
train/starbucks/10764.jpg,10
train/pepsi/9331.jpg,7
train/pepsi/9691.jpg,7
train/starbucks/10545.jpg,10
train/HP/7938.jpg,4
train/ferrari/6030.jpg,2
train/pepsi/9436.jpg,7
train/bmw/1192.jpg,1
train/pepsi/9514.jpg,7
train/rittersport/9962.jpg,8
train/shell/10048.jpg,9
train/becks/1072.jpg,0
train/ups/12118.jpg,11
train/becks/1038.jpg,0
train/starbucks/10419.jpg,10
train/nvidia/8717.jpg,5
train/ups/12213.jpg,11
train/starbucks/10629.jpg,10
train/nvidia/8608.jpg,5
train/bmw/1364.jpg,1
train/bmw/1652.jpg,1
train/ford/6507.jpg,3
train/pepsi/9602.jpg,7
train/paulaner/8875.jpg,6
train/ferrari/6062.jpg,2
train/rittersport/9771.jpg,8
train/ford/6534.jpg,3
train/ferrari/6157.jpg,2
train/HP/8010.jpg,4
train/paulaner/9009.jpg,6
train/shell/9971.jpg,9
train/shell/9992.jpg,9
train/starbucks/10687.jpg,10
train/rittersport/9745.jpg,8
train/starbucks/10569.jpg,10
train/ferrari/6286.jpg,2
train/ferrari/6190.jpg,2
train/paulaner/9179.jpg,6
train/pepsi/9647.jpg,7
train/nvidia/8653.jpg,5
train/rittersport/9796.jpg,8
train/ferrari/5943.jpg,2
train/ferrari/6093.jpg,2
train/starbucks/10836.jpg,10
train/paulaner/9033.jpg,6
train/paulaner/8826.jpg,6
train/pepsi/9205.jpg,7
train/HP/7839.jpg,4
train/ups/12301.jpg,11
train/becks/1056.jpg,0
train/becks/1123.jpg,0
train/paulaner/9006.jpg,6
train/ferrari/6249.jpg,2
train/rittersport/9744.jpg,8
train/nvidia/8673.jpg,5
train/pepsi/9530.jpg,7
train/shell/10063.jpg,9
train/pepsi/9254.jpg,7
train/paulaner/9073.jpg,6
train/HP/8016.jpg,4
train/bmw/1463.jpg,1
train/ferrari/6417.jpg,2
train/ferrari/5999.jpg,2
train/bmw/1164.jpg,1
train/HP/7827.jpg,4
train/paulaner/8775.jpg,6
train/ups/12202.jpg,11
train/pepsi/9350.jpg,7
train/bmw/1700.jpg,1
train/bmw/1633.jpg,1
train/becks/1105.jpg,0
train/ups/12119.jpg,11
train/paulaner/8755.jpg,6
train/ferrari/6346.jpg,2
train/bmw/1623.jpg,1
train/bmw/1645.jpg,1
train/ford/6448.jpg,3
train/starbucks/10388.jpg,10
train/HP/7851.jpg,4
train/bmw/1591.jpg,1
train/pepsi/9460.jpg,7
train/bmw/1389.jpg,1
train/ups/12061.jpg,11
train/paulaner/9015.jpg,6
train/ferrari/5925.jpg,2
train/ford/6618.jpg,3
train/rittersport/9946.jpg,8
train/ups/12110.jpg,11
train/ups/12276.jpg,11
train/ups/12165.jpg,11
train/bmw/1467.jpg,1
train/HP/7891.jpg,4
train/HP/7761.jpg,4
train/ferrari/6243.jpg,2
train/paulaner/8778.jpg,6
train/ups/12177.jpg,11
train/ferrari/6408.jpg,2
train/HP/7989.jpg,4
train/pepsi/9522.jpg,7
train/starbucks/10612.jpg,10
train/ferrari/6194.jpg,2
train/starbucks/10582.jpg,10
train/ford/6586.jpg,3
train/pepsi/9457.jpg,7
train/becks/1007.jpg,0
train/starbucks/10441.jpg,10
train/starbucks/10676.jpg,10
train/becks/1003.jpg,0
train/ferrari/6329.jpg,2
train/ups/12241.jpg,11
train/pepsi/9537.jpg,7
train/starbucks/10659.jpg,10
train/bmw/1563.jpg,1
train/becks/1027.jpg,0
train/ferrari/6182.jpg,2
train/bmw/1324.jpg,1
train/HP/7880.jpg,4
train/pepsi/9388.jpg,7
train/ford/6492.jpg,3
train/bmw/1637.jpg,1
train/starbucks/10431.jpg,10
train/ferrari/6028.jpg,2
train/ferrari/6229.jpg,2
train/ups/12260.jpg,11
train/ferrari/6335.jpg,2
train/starbucks/10401.jpg,10
train/starbucks/10622.jpg,10
train/bmw/1365.jpg,1
train/rittersport/9961.jpg,8
train/ferrari/5970.jpg,2
train/ferrari/6085.jpg,2
train/bmw/1203.jpg,1
train/paulaner/9048.jpg,6
train/ferrari/6260.jpg,2
train/HP/8024.jpg,4
train/nvidia/8580.jpg,5
train/ford/6630.jpg,3
train/pepsi/9406.jpg,7
train/shell/9990.jpg,9
train/ferrari/6163.jpg,2
train/bmw/1215.jpg,1
train/ferrari/6155.jpg,2
train/ferrari/6186.jpg,2
train/HP/7756.jpg,4
train/rittersport/9750.jpg,8
train/ups/12187.jpg,11
train/paulaner/8765.jpg,6
train/HP/7922.jpg,4
train/bmw/1437.jpg,1
train/ferrari/6027.jpg,2
train/pepsi/9330.jpg,7
train/HP/8027.jpg,4
train/ferrari/6066.jpg,2
train/ford/6625.jpg,3
train/pepsi/9248.jpg,7
train/paulaner/8955.jpg,6
train/paulaner/9014.jpg,6
train/shell/10087.jpg,9
train/starbucks/10589.jpg,10
train/paulaner/9040.jpg,6
train/HP/8018.jpg,4
train/HP/7948.jpg,4
train/ferrari/6407.jpg,2
train/shell/10032.jpg,9
train/ups/12111.jpg,11
train/ups/12001.jpg,11
train/paulaner/8854.jpg,6
train/ford/6588.jpg,3
train/ups/12168.jpg,11
train/shell/10130.jpg,9
train/pepsi/9452.jpg,7
train/paulaner/9185.jpg,6
train/ups/12159.jpg,11
train/ferrari/6262.jpg,2
train/starbucks/10422.jpg,10
train/bmw/1355.jpg,1
train/paulaner/9168.jpg,6
train/becks/1133.jpg,0
train/shell/10098.jpg,9
train/rittersport/9938.jpg,8
train/paulaner/9050.jpg,6
train/ferrari/6136.jpg,2
train/ferrari/5935.jpg,2
train/shell/10040.jpg,9
train/pepsi/9461.jpg,7
train/shell/10050.jpg,9
train/starbucks/10747.jpg,10
train/starbucks/10875.jpg,10
train/shell/10062.jpg,9
train/ford/6550.jpg,3
train/pepsi/9197.jpg,7
train/bmw/1173.jpg,1
train/ups/12232.jpg,11
train/nvidia/8602.jpg,5
train/becks/979.jpg,0
train/ferrari/6325.jpg,2
train/ups/12246.jpg,11
train/rittersport/9848.jpg,8
train/ups/12250.jpg,11
train/ford/6621.jpg,3
train/ups/12014.jpg,11
train/bmw/1684.jpg,1
train/rittersport/9908.jpg,8
train/ferrari/6233.jpg,2
train/paulaner/9192.jpg,6
train/pepsi/9374.jpg,7
train/ferrari/6267.jpg,2
train/bmw/1688.jpg,1
train/bmw/1410.jpg,1
train/ferrari/6386.jpg,2
train/starbucks/10417.jpg,10
train/ups/12124.jpg,11
train/becks/993.jpg,0
train/ferrari/6008.jpg,2
train/pepsi/9571.jpg,7
train/HP/8030.jpg,4
train/paulaner/9103.jpg,6
train/starbucks/10726.jpg,10
train/ferrari/6012.jpg,2
train/shell/10020.jpg,9
train/becks/1121.jpg,0
train/rittersport/9856.jpg,8
train/starbucks/10426.jpg,10
train/bmw/1211.jpg,1
train/HP/7801.jpg,4
train/HP/7986.jpg,4
train/ferrari/6349.jpg,2
train/ups/12032.jpg,11
train/ferrari/5953.jpg,2
train/ferrari/6206.jpg,2
train/becks/1048.jpg,0
train/rittersport/9727.jpg,8
train/ferrari/6295.jpg,2
train/ford/6638.jpg,3
train/starbucks/10833.jpg,10
train/becks/1057.jpg,0
train/pepsi/9471.jpg,7
train/bmw/1412.jpg,1
train/pepsi/9475.jpg,7
train/ferrari/6401.jpg,2
train/ups/12206.jpg,11
train/pepsi/9555.jpg,7
train/paulaner/9164.jpg,6
train/bmw/1394.jpg,1
train/paulaner/9053.jpg,6
train/starbucks/10617.jpg,10
train/ford/6542.jpg,3
train/paulaner/9038.jpg,6
train/paulaner/9107.jpg,6
train/pepsi/9645.jpg,7
train/pepsi/9295.jpg,7
train/rittersport/9885.jpg,8
train/ups/12227.jpg,11
train/starbucks/10500.jpg,10
train/pepsi/9704.jpg,7
train/starbucks/10808.jpg,10
train/ferrari/6276.jpg,2
train/becks/966.jpg,0
train/pepsi/9637.jpg,7
train/pepsi/9296.jpg,7
train/nvidia/8672.jpg,5
train/nvidia/8652.jpg,5
train/bmw/1597.jpg,1
train/starbucks/10600.jpg,10
train/ford/6659.jpg,3
train/ferrari/6419.jpg,2
train/bmw/1259.jpg,1
train/ford/6511.jpg,3
train/rittersport/9935.jpg,8
train/rittersport/9853.jpg,8
train/HP/7985.jpg,4
train/ford/6454.jpg,3
train/ups/12243.jpg,11
train/becks/995.jpg,0
train/shell/10075.jpg,9
train/ford/6450.jpg,3
train/ups/12265.jpg,11
train/shell/10114.jpg,9
train/ups/12080.jpg,11
train/starbucks/10675.jpg,10
train/paulaner/8851.jpg,6
train/shell/10122.jpg,9
train/shell/10046.jpg,9
train/paulaner/8957.jpg,6
train/HP/7856.jpg,4
train/ferrari/6042.jpg,2
train/ferrari/6301.jpg,2
train/ferrari/6018.jpg,2
train/nvidia/8627.jpg,5
train/ferrari/6178.jpg,2
train/pepsi/9508.jpg,7
train/starbucks/10519.jpg,10
train/pepsi/9382.jpg,7
train/bmw/1701.jpg,1
train/pepsi/9289.jpg,7
train/ferrari/6359.jpg,2
train/pepsi/9502.jpg,7
train/bmw/1356.jpg,1
train/ups/12127.jpg,11
train/rittersport/9945.jpg,8
train/starbucks/10384.jpg,10
train/paulaner/8878.jpg,6
train/paulaner/9027.jpg,6
train/starbucks/10873.jpg,10
train/ford/6465.jpg,3
train/HP/7844.jpg,4
train/nvidia/8671.jpg,5
train/HP/7889.jpg,4
train/HP/7836.jpg,4
train/pepsi/9274.jpg,7
train/bmw/1606.jpg,1
train/pepsi/9439.jpg,7
train/pepsi/9414.jpg,7
train/nvidia/8659.jpg,5
train/ford/6548.jpg,3
train/paulaner/9160.jpg,6
train/ferrari/6319.jpg,2
train/starbucks/10723.jpg,10
train/pepsi/9258.jpg,7
train/HP/7927.jpg,4
train/starbucks/10489.jpg,10
train/bmw/1497.jpg,1
train/becks/1040.jpg,0
train/ups/12108.jpg,11
train/starbucks/10621.jpg,10
train/pepsi/9311.jpg,7
train/paulaner/8723.jpg,6
train/ferrari/6336.jpg,2
train/becks/1145.jpg,0
train/paulaner/8815.jpg,6
train/ups/12149.jpg,11
train/rittersport/9947.jpg,8
train/ups/12201.jpg,11
train/bmw/1210.jpg,1
train/paulaner/8900.jpg,6
train/pepsi/9356.jpg,7
train/pepsi/9341.jpg,7
train/bmw/1395.jpg,1
train/ups/12235.jpg,11
train/ferrari/6022.jpg,2
train/paulaner/9082.jpg,6
train/paulaner/9091.jpg,6
train/ferrari/6310.jpg,2
train/HP/7930.jpg,4
train/ferrari/6439.jpg,2
train/bmw/1671.jpg,1
train/starbucks/10579.jpg,10
train/bmw/1551.jpg,1
train/bmw/1578.jpg,1
train/bmw/1704.jpg,1
train/shell/10089.jpg,9
train/ferrari/5964.jpg,2
train/bmw/1531.jpg,1
train/starbucks/10828.jpg,10
train/paulaner/8750.jpg,6
train/bmw/1653.jpg,1
train/starbucks/10607.jpg,10
train/bmw/1515.jpg,1
train/pepsi/9203.jpg,7
train/paulaner/9177.jpg,6
train/starbucks/10803.jpg,10
train/pepsi/9275.jpg,7
train/paulaner/9003.jpg,6
train/bmw/1240.jpg,1
train/pepsi/9441.jpg,7
train/pepsi/9351.jpg,7
train/ups/12151.jpg,11
train/nvidia/8674.jpg,5
train/HP/7723.jpg,4
train/pepsi/9437.jpg,7
train/ferrari/6322.jpg,2
train/bmw/1534.jpg,1
train/becks/1111.jpg,0
train/bmw/1714.jpg,1
train/pepsi/9221.jpg,7
train/bmw/1468.jpg,1
train/rittersport/9899.jpg,8
train/bmw/1367.jpg,1
train/ferrari/6372.jpg,2
train/HP/7992.jpg,4
train/starbucks/10565.jpg,10
train/rittersport/9929.jpg,8
train/paulaner/8771.jpg,6
train/ford/6476.jpg,3
train/bmw/1568.jpg,1
train/HP/8019.jpg,4
train/starbucks/10410.jpg,10
train/HP/7908.jpg,4
train/HP/7797.jpg,4
train/starbucks/10614.jpg,10
train/pepsi/9220.jpg,7
train/shell/10161.jpg,9
train/bmw/1518.jpg,1
train/shell/10054.jpg,9
train/starbucks/10599.jpg,10
train/ferrari/6104.jpg,2
train/starbucks/10719.jpg,10
train/ferrari/6339.jpg,2
train/bmw/1693.jpg,1
train/ford/6508.jpg,3
train/pepsi/9432.jpg,7
train/bmw/1632.jpg,1
train/bmw/1442.jpg,1
train/paulaner/9133.jpg,6
train/ferrari/6119.jpg,2
train/starbucks/10802.jpg,10
train/nvidia/8545.jpg,5
train/shell/10043.jpg,9
train/rittersport/9857.jpg,8
train/rittersport/9828.jpg,8
train/nvidia/8708.jpg,5
train/ferrari/6368.jpg,2
train/starbucks/10739.jpg,10
train/ups/12184.jpg,11
train/HP/7971.jpg,4
train/ups/12029.jpg,11
train/paulaner/8984.jpg,6
train/starbucks/10640.jpg,10
train/bmw/1305.jpg,1
train/starbucks/10834.jpg,10
train/starbucks/10534.jpg,10
train/paulaner/8844.jpg,6
train/rittersport/9942.jpg,8
train/bmw/1332.jpg,1
train/bmw/1270.jpg,1
train/ford/6669.jpg,3
train/HP/7849.jpg,4
train/pepsi/9243.jpg,7
train/pepsi/9616.jpg,7
train/starbucks/10736.jpg,10
train/becks/1103.jpg,0
train/nvidia/8584.jpg,5
train/becks/1154.jpg,0
train/rittersport/9797.jpg,8
train/rittersport/9826.jpg,8
train/shell/10021.jpg,9
train/pepsi/9378.jpg,7
train/becks/1035.jpg,0
train/ferrari/5978.jpg,2
train/paulaner/9154.jpg,6
train/ferrari/6170.jpg,2
train/bmw/1406.jpg,1
train/paulaner/9114.jpg,6
train/pepsi/9227.jpg,7
train/bmw/1573.jpg,1
train/pepsi/9604.jpg,7
train/starbucks/10814.jpg,10
train/ford/6591.jpg,3
train/bmw/1469.jpg,1
train/paulaner/8863.jpg,6
train/bmw/1600.jpg,1
train/HP/7831.jpg,4
train/starbucks/10890.jpg,10
train/ferrari/6058.jpg,2
train/bmw/1342.jpg,1
train/paulaner/8812.jpg,6
train/ups/12284.jpg,11
train/ups/12073.jpg,11
train/ups/12010.jpg,11
train/pepsi/9261.jpg,7
train/HP/8008.jpg,4
train/shell/10117.jpg,9
train/starbucks/10465.jpg,10
train/ups/12153.jpg,11
train/ups/12006.jpg,11
train/HP/7890.jpg,4
train/ford/6479.jpg,3
train/pepsi/9233.jpg,7
train/paulaner/8994.jpg,6
train/bmw/1188.jpg,1
train/starbucks/10716.jpg,10
train/starbucks/10560.jpg,10
train/bmw/1724.jpg,1
train/becks/1148.jpg,0
train/bmw/1715.jpg,1
train/starbucks/10430.jpg,10
train/shell/9993.jpg,9
train/ferrari/6311.jpg,2
train/ups/12058.jpg,11
train/pepsi/9247.jpg,7
train/starbucks/10721.jpg,10
train/paulaner/9187.jpg,6
train/pepsi/9384.jpg,7
train/shell/10080.jpg,9
train/shell/10028.jpg,9
train/ferrari/6296.jpg,2
train/ferrari/6069.jpg,2
train/bmw/1669.jpg,1
train/bmw/1577.jpg,1
train/starbucks/10536.jpg,10
train/pepsi/9458.jpg,7
train/starbucks/10870.jpg,10
train/pepsi/9586.jpg,7
train/shell/10123.jpg,9
train/HP/7830.jpg,4
train/paulaner/8747.jpg,6
train/ups/12160.jpg,11
train/paulaner/9080.jpg,6
train/starbucks/10490.jpg,10
train/nvidia/8688.jpg,5
train/ferrari/5946.jpg,2
train/nvidia/8630.jpg,5
train/bmw/1537.jpg,1
train/bmw/1424.jpg,1
train/ferrari/6090.jpg,2
train/ferrari/6324.jpg,2
train/ups/12018.jpg,11
train/bmw/1243.jpg,1
train/ups/12056.jpg,11
train/ferrari/6304.jpg,2
train/pepsi/9463.jpg,7
train/paulaner/8834.jpg,6
train/starbucks/10588.jpg,10
train/bmw/1256.jpg,1
train/bmw/1575.jpg,1
train/ferrari/6208.jpg,2
train/bmw/1172.jpg,1
train/HP/7734.jpg,4
train/ups/12249.jpg,11
train/ferrari/6356.jpg,2
train/ford/6538.jpg,3
train/starbucks/10464.jpg,10
train/pepsi/9504.jpg,7
train/bmw/1244.jpg,1
train/shell/10131.jpg,9
train/starbucks/10405.jpg,10
train/HP/7716.jpg,4
train/starbucks/10562.jpg,10
train/nvidia/8626.jpg,5
train/ferrari/5915.jpg,2
train/HP/7887.jpg,4
train/paulaner/9115.jpg,6
train/HP/7962.jpg,4
train/ferrari/5904.jpg,2
train/bmw/1399.jpg,1
train/HP/7835.jpg,4
train/bmw/1526.jpg,1
train/pepsi/9399.jpg,7
train/rittersport/9719.jpg,8
train/ups/12251.jpg,11
train/ford/6461.jpg,3
train/ferrari/5979.jpg,2
train/ford/6627.jpg,3
train/nvidia/8695.jpg,5
train/becks/1139.jpg,0
train/starbucks/10513.jpg,10
train/pepsi/9701.jpg,7
train/starbucks/10880.jpg,10
train/bmw/1545.jpg,1
train/bmw/1565.jpg,1
train/becks/1159.jpg,0
train/paulaner/9089.jpg,6
train/HP/7733.jpg,4
train/ford/6498.jpg,3
train/bmw/1268.jpg,1
train/HP/7808.jpg,4
train/ferrari/6184.jpg,2
train/ferrari/6268.jpg,2
train/ups/12296.jpg,11
train/becks/1138.jpg,0
train/ferrari/6103.jpg,2
train/bmw/1660.jpg,1
train/paulaner/9143.jpg,6
train/starbucks/10715.jpg,10
train/paulaner/9021.jpg,6
train/starbucks/10674.jpg,10
train/HP/7739.jpg,4
train/rittersport/9863.jpg,8
train/starbucks/10553.jpg,10
train/ups/11988.jpg,11
train/HP/7959.jpg,4
train/paulaner/8995.jpg,6
train/HP/7937.jpg,4
train/ferrari/6201.jpg,2
train/starbucks/10463.jpg,10
train/nvidia/8634.jpg,5
train/pepsi/9635.jpg,7
train/starbucks/10661.jpg,10
train/starbucks/10653.jpg,10
train/pepsi/9598.jpg,7
train/ferrari/6167.jpg,2
train/paulaner/8967.jpg,6
train/bmw/1312.jpg,1
train/ferrari/6132.jpg,2
train/starbucks/10866.jpg,10
train/ups/12182.jpg,11
train/pepsi/9451.jpg,7
train/starbucks/10743.jpg,10
train/starbucks/10568.jpg,10
train/paulaner/8846.jpg,6
train/bmw/1233.jpg,1
train/bmw/1191.jpg,1
train/pepsi/9597.jpg,7
train/ferrari/5973.jpg,2
train/ferrari/6288.jpg,2
train/starbucks/10825.jpg,10
train/bmw/1668.jpg,1
train/bmw/1539.jpg,1
train/bmw/1579.jpg,1
train/shell/10155.jpg,9
train/paulaner/9096.jpg,6
train/ups/12269.jpg,11
train/ups/12003.jpg,11
train/ford/6609.jpg,3
train/bmw/1662.jpg,1
train/bmw/1209.jpg,1
train/ferrari/6250.jpg,2
train/bmw/1514.jpg,1
train/bmw/1622.jpg,1
train/rittersport/9808.jpg,8
train/ups/12254.jpg,11
train/becks/969.jpg,0
train/ford/6657.jpg,3
train/ups/12034.jpg,11
train/shell/9977.jpg,9
train/becks/1101.jpg,0
train/bmw/1613.jpg,1
train/ups/12198.jpg,11
train/starbucks/10844.jpg,10
train/ford/6607.jpg,3
train/bmw/1402.jpg,1
train/pepsi/9252.jpg,7
train/starbucks/10862.jpg,10
train/ferrari/6098.jpg,2
train/pepsi/9355.jpg,7
train/paulaner/8800.jpg,6
train/pepsi/9379.jpg,7
train/becks/970.jpg,0
train/ups/11991.jpg,11
train/pepsi/9383.jpg,7
train/ferrari/6131.jpg,2
train/rittersport/9900.jpg,8
train/HP/8011.jpg,4
train/bmw/1655.jpg,1
train/HP/7964.jpg,4
train/ford/6543.jpg,3
train/ups/12178.jpg,11
train/pepsi/9214.jpg,7
train/ups/12070.jpg,11
train/rittersport/9874.jpg,8
train/pepsi/9272.jpg,7
train/shell/10010.jpg,9
train/paulaner/8836.jpg,6
train/bmw/1251.jpg,1
train/paulaner/9193.jpg,6
train/rittersport/9715.jpg,8
train/pepsi/9653.jpg,7
train/ups/12290.jpg,11
train/bmw/1404.jpg,1
train/HP/7954.jpg,4
train/starbucks/10635.jpg,10
train/starbucks/10693.jpg,10
train/pepsi/9666.jpg,7
train/ups/12107.jpg,11
train/paulaner/9117.jpg,6
train/ferrari/6063.jpg,2
train/becks/1043.jpg,0
train/starbucks/10824.jpg,10
train/starbucks/10669.jpg,10
train/starbucks/10567.jpg,10
train/bmw/1649.jpg,1
train/bmw/1721.jpg,1
train/shell/9964.jpg,9
train/bmw/1375.jpg,1
train/rittersport/9729.jpg,8
train/shell/10069.jpg,9
train/ferrari/6075.jpg,2
train/nvidia/8558.jpg,5
train/bmw/1717.jpg,1
train/paulaner/9166.jpg,6
train/paulaner/8895.jpg,6
train/ups/12055.jpg,11
train/shell/9982.jpg,9
train/paulaner/8862.jpg,6
train/starbucks/10850.jpg,10
train/shell/10068.jpg,9
train/ford/6486.jpg,3
train/paulaner/8744.jpg,6
train/paulaner/8764.jpg,6
train/rittersport/9726.jpg,8
train/HP/7968.jpg,4
train/HP/7782.jpg,4
train/ford/6683.jpg,3
train/starbucks/10507.jpg,10
train/ferrari/6113.jpg,2
train/ferrari/6049.jpg,2
train/starbucks/10625.jpg,10
train/paulaner/8884.jpg,6
train/nvidia/8632.jpg,5
train/HP/7834.jpg,4
train/rittersport/9842.jpg,8
train/nvidia/8667.jpg,5
train/ferrari/6097.jpg,2
train/rittersport/9925.jpg,8
train/starbucks/10547.jpg,10
train/ferrari/6192.jpg,2
train/shell/10012.jpg,9
train/rittersport/9793.jpg,8
train/pepsi/9575.jpg,7
train/starbucks/10522.jpg,10
train/pepsi/9219.jpg,7
train/paulaner/8811.jpg,6
train/ups/12060.jpg,11
train/bmw/1438.jpg,1
train/bmw/1488.jpg,1
train/bmw/1674.jpg,1
train/pepsi/9226.jpg,7
train/starbucks/10793.jpg,10
train/shell/10009.jpg,9
train/starbucks/10452.jpg,10
train/becks/1080.jpg,0
train/ferrari/6398.jpg,2
train/pepsi/9669.jpg,7
train/rittersport/9869.jpg,8
train/starbucks/10757.jpg,10
train/ferrari/6124.jpg,2
train/ups/12180.jpg,11
train/paulaner/9074.jpg,6
train/HP/7799.jpg,4
train/nvidia/8640.jpg,5
train/bmw/1596.jpg,1
train/ferrari/6001.jpg,2
train/bmw/1451.jpg,1
train/rittersport/9884.jpg,8
train/pepsi/9572.jpg,7
train/bmw/1380.jpg,1
train/HP/7882.jpg,4
train/bmw/1360.jpg,1
train/ups/12077.jpg,11
train/nvidia/8662.jpg,5
train/bmw/1492.jpg,1
train/ferrari/6404.jpg,2
train/starbucks/10749.jpg,10
train/shell/10049.jpg,9
train/ford/6451.jpg,3
train/pepsi/9322.jpg,7
train/pepsi/9445.jpg,7
train/rittersport/9922.jpg,8
train/pepsi/9547.jpg,7
train/nvidia/8605.jpg,5
train/bmw/1343.jpg,1
train/ups/12091.jpg,11
train/paulaner/8942.jpg,6
train/starbucks/10668.jpg,10
train/starbucks/10672.jpg,10
train/starbucks/10767.jpg,10
train/ferrari/6332.jpg,2
train/starbucks/10616.jpg,10
train/pepsi/9564.jpg,7
train/ferrari/6303.jpg,2
train/shell/10018.jpg,9
train/nvidia/8591.jpg,5
train/paulaner/8821.jpg,6
train/HP/7957.jpg,4
train/shell/10144.jpg,9
train/bmw/1711.jpg,1
train/paulaner/9150.jpg,6
train/starbucks/10835.jpg,10
train/pepsi/9694.jpg,7
train/starbucks/10482.jpg,10
train/becks/1093.jpg,0
train/ups/12200.jpg,11
train/paulaner/8790.jpg,6
train/HP/7822.jpg,4
train/starbucks/10409.jpg,10
train/bmw/1499.jpg,1
train/starbucks/10376.jpg,10
train/nvidia/8590.jpg,5
train/paulaner/8948.jpg,6
train/starbucks/10561.jpg,10
train/HP/8017.jpg,4
train/HP/7843.jpg,4
train/ford/6497.jpg,3
train/pepsi/9484.jpg,7
train/shell/10024.jpg,9
train/shell/10026.jpg,9
train/ferrari/6385.jpg,2
train/ferrari/5982.jpg,2
train/HP/8043.jpg,4
train/ferrari/6146.jpg,2
train/nvidia/8711.jpg,5
train/HP/7872.jpg,4
train/ups/12066.jpg,11
train/starbucks/10651.jpg,10
train/shell/10164.jpg,9
train/paulaner/8781.jpg,6
train/HP/7969.jpg,4
train/pepsi/9256.jpg,7
train/starbucks/10544.jpg,10
train/shell/9987.jpg,9
train/nvidia/8551.jpg,5
train/ferrari/6382.jpg,2
train/starbucks/10590.jpg,10
train/pepsi/9306.jpg,7
train/ford/6453.jpg,3
train/nvidia/8622.jpg,5
train/ford/6616.jpg,3
train/bmw/1285.jpg,1
train/paulaner/8885.jpg,6
train/bmw/1444.jpg,1
train/pepsi/9472.jpg,7
train/ups/12237.jpg,11
train/bmw/1247.jpg,1
train/ferrari/6239.jpg,2
train/pepsi/9236.jpg,7
train/starbucks/10404.jpg,10
train/paulaner/9046.jpg,6
train/ford/6502.jpg,3
train/becks/1073.jpg,0
train/ferrari/6331.jpg,2
train/nvidia/8646.jpg,5
train/pepsi/9271.jpg,7
train/bmw/1214.jpg,1
train/pepsi/9476.jpg,7
train/ferrari/5990.jpg,2
train/pepsi/9636.jpg,7
train/starbucks/10467.jpg,10
train/shell/10076.jpg,9
train/ford/6509.jpg,3
train/pepsi/9431.jpg,7
train/bmw/1181.jpg,1
train/starbucks/10472.jpg,10
train/bmw/1506.jpg,1
train/paulaner/9145.jpg,6
train/HP/7748.jpg,4
train/ups/12170.jpg,11
train/paulaner/8969.jpg,6
train/shell/9970.jpg,9
train/starbucks/10807.jpg,10
train/ups/12035.jpg,11
train/paulaner/9097.jpg,6
train/becks/1001.jpg,0
train/HP/8009.jpg,4
train/ups/12281.jpg,11
train/nvidia/8656.jpg,5
train/becks/1158.jpg,0
train/paulaner/9037.jpg,6
train/rittersport/9782.jpg,8
train/HP/7923.jpg,4
train/rittersport/9718.jpg,8
train/ups/12079.jpg,11
train/ford/6491.jpg,3
train/ups/12121.jpg,11
train/bmw/1392.jpg,1
train/becks/1112.jpg,0
train/ups/12024.jpg,11
train/ford/6541.jpg,3
train/rittersport/9958.jpg,8
train/starbucks/10483.jpg,10
train/ups/12106.jpg,11
train/shell/10167.jpg,9
train/bmw/1221.jpg,1
train/ford/6658.jpg,3
train/pepsi/9462.jpg,7
train/ferrari/6396.jpg,2
train/ferrari/6436.jpg,2
train/pepsi/9270.jpg,7
train/ford/6674.jpg,3
train/shell/10159.jpg,9
train/rittersport/9870.jpg,8
train/nvidia/8644.jpg,5
train/pepsi/9546.jpg,7
train/starbucks/10648.jpg,10
train/bmw/1486.jpg,1
train/starbucks/10737.jpg,10
train/ferrari/6312.jpg,2
train/rittersport/9883.jpg,8
train/starbucks/10871.jpg,10
train/HP/7976.jpg,4
train/bmw/1304.jpg,1
train/pepsi/9338.jpg,7
train/ups/12047.jpg,11
train/bmw/1436.jpg,1
train/pepsi/9230.jpg,7
train/ferrari/6035.jpg,2
train/ferrari/5918.jpg,2
train/ford/6653.jpg,3
train/ford/6562.jpg,3
train/starbucks/10471.jpg,10
train/pepsi/9583.jpg,7
train/HP/8001.jpg,4
train/bmw/1277.jpg,1
train/rittersport/9865.jpg,8
train/pepsi/9468.jpg,7
train/ferrari/5941.jpg,2
train/ups/12212.jpg,11
train/paulaner/8913.jpg,6
train/paulaner/8738.jpg,6
train/ferrari/6174.jpg,2
train/rittersport/9804.jpg,8
train/ups/12279.jpg,11
train/starbucks/10682.jpg,10
train/starbucks/10650.jpg,10
train/nvidia/8617.jpg,5
train/paulaner/8746.jpg,6
train/pepsi/9633.jpg,7
train/ferrari/6109.jpg,2
train/HP/7886.jpg,4
train/ford/6457.jpg,3
train/rittersport/9910.jpg,8
train/bmw/1414.jpg,1
train/HP/7862.jpg,4
train/ford/6579.jpg,3
train/ferrari/5920.jpg,2
train/starbucks/10718.jpg,10
train/paulaner/8827.jpg,6
train/rittersport/9878.jpg,8
train/starbucks/10448.jpg,10
train/bmw/1174.jpg,1
train/becks/1102.jpg,0
train/starbucks/10772.jpg,10
train/ferrari/5938.jpg,2
train/paulaner/8847.jpg,6
train/pepsi/9660.jpg,7
train/starbucks/10641.jpg,10
train/bmw/1642.jpg,1
train/paulaner/9170.jpg,6
train/ups/12242.jpg,11
train/paulaner/9045.jpg,6
train/becks/1129.jpg,0
train/HP/7781.jpg,4
train/nvidia/8647.jpg,5
train/starbucks/10820.jpg,10
train/ferrari/6362.jpg,2
train/shell/10140.jpg,9
train/ferrari/6130.jpg,2
train/ups/12171.jpg,11
train/pepsi/9596.jpg,7
train/paulaner/8858.jpg,6
train/pepsi/9218.jpg,7
train/rittersport/9934.jpg,8
train/bmw/1524.jpg,1
train/bmw/1723.jpg,1
train/shell/10163.jpg,9
train/paulaner/8835.jpg,6
train/starbucks/10702.jpg,10
train/ups/12133.jpg,11
train/bmw/1691.jpg,1
train/HP/7717.jpg,4
train/HP/7753.jpg,4
train/starbucks/10759.jpg,10
train/nvidia/8700.jpg,5
train/ferrari/6036.jpg,2
train/pepsi/9703.jpg,7
train/ups/11992.jpg,11
train/becks/984.jpg,0
train/ups/12012.jpg,11
train/ferrari/6024.jpg,2
train/bmw/1228.jpg,1
train/ferrari/6112.jpg,2
train/rittersport/9937.jpg,8
train/ferrari/6254.jpg,2
train/bmw/1709.jpg,1
train/starbucks/10387.jpg,10
train/nvidia/8681.jpg,5
train/paulaner/8932.jpg,6
train/ferrari/6314.jpg,2
train/paulaner/8952.jpg,6
train/starbucks/10677.jpg,10
train/pepsi/9671.jpg,7
train/paulaner/9051.jpg,6
train/ups/12086.jpg,11
train/bmw/1552.jpg,1
train/starbucks/10488.jpg,10
train/pepsi/9225.jpg,7
train/shell/10045.jpg,9
train/nvidia/8702.jpg,5
train/shell/10156.jpg,9
train/ferrari/6416.jpg,2
train/ferrari/6437.jpg,2
train/bmw/1574.jpg,1
train/ups/12019.jpg,11
train/ferrari/5960.jpg,2
train/pepsi/9554.jpg,7
train/HP/7960.jpg,4
train/rittersport/9916.jpg,8
train/pepsi/9305.jpg,7
train/bmw/1464.jpg,1
train/starbucks/10699.jpg,10
train/pepsi/9323.jpg,7
train/ford/6549.jpg,3
train/ferrari/6247.jpg,2
train/starbucks/10446.jpg,10
train/HP/7728.jpg,4
train/pepsi/9299.jpg,7
train/ferrari/6430.jpg,2
train/ferrari/6115.jpg,2
train/HP/7988.jpg,4
train/ferrari/6387.jpg,2
train/starbucks/10518.jpg,10
train/shell/10016.jpg,9
train/paulaner/8825.jpg,6
train/bmw/1227.jpg,1
train/nvidia/8712.jpg,5
train/starbucks/10777.jpg,10
train/bmw/1418.jpg,1
train/ford/6578.jpg,3
train/paulaner/8824.jpg,6
train/bmw/1479.jpg,1
train/paulaner/9016.jpg,6
train/shell/10007.jpg,9
train/starbucks/10495.jpg,10
train/starbucks/10385.jpg,10
train/pepsi/9662.jpg,7
train/paulaner/8838.jpg,6
train/ups/12208.jpg,11
train/starbucks/10415.jpg,10
train/nvidia/8703.jpg,5
train/paulaner/8959.jpg,6
train/nvidia/8687.jpg,5
train/starbucks/10679.jpg,10
train/HP/7754.jpg,4
train/paulaner/8889.jpg,6
train/pepsi/9302.jpg,7
train/paulaner/8871.jpg,6
train/bmw/1718.jpg,1
train/ups/12244.jpg,11
train/starbucks/10738.jpg,10
train/ferrari/6159.jpg,2
train/shell/10014.jpg,9
train/paulaner/9071.jpg,6
train/pepsi/9246.jpg,7
train/rittersport/9824.jpg,8
train/ups/12071.jpg,11
train/HP/7858.jpg,4
train/rittersport/9741.jpg,8
train/ferrari/6224.jpg,2
train/HP/7852.jpg,4
train/pepsi/9693.jpg,7
train/paulaner/8939.jpg,6
train/starbucks/10593.jpg,10
train/becks/1054.jpg,0
train/nvidia/8560.jpg,5
train/starbucks/10819.jpg,10
train/shell/10059.jpg,9
train/ferrari/6369.jpg,2
train/bmw/1566.jpg,1
train/rittersport/9913.jpg,8
train/ford/6655.jpg,3
train/HP/7961.jpg,4
train/ferrari/6082.jpg,2
train/starbucks/10485.jpg,10
train/bmw/1303.jpg,1
train/ferrari/5995.jpg,2
train/paulaner/8813.jpg,6
train/HP/8028.jpg,4
train/ferrari/6125.jpg,2
train/starbucks/10775.jpg,10
train/shell/10104.jpg,9
train/bmw/1698.jpg,1
train/HP/7951.jpg,4
train/bmw/1690.jpg,1
train/rittersport/9721.jpg,8
train/nvidia/8574.jpg,5
train/nvidia/8557.jpg,5
train/ups/12005.jpg,11
train/bmw/1616.jpg,1
train/ford/6531.jpg,3
train/paulaner/9106.jpg,6
train/HP/7855.jpg,4
train/ferrari/6284.jpg,2
train/HP/7904.jpg,4
train/rittersport/9812.jpg,8
train/shell/10055.jpg,9
train/ferrari/6111.jpg,2
train/HP/7956.jpg,4
train/pepsi/9285.jpg,7
train/bmw/1432.jpg,1
train/pepsi/9391.jpg,7
train/starbucks/10381.jpg,10
train/pepsi/9592.jpg,7
train/pepsi/9422.jpg,7
train/paulaner/8881.jpg,6
train/pepsi/9641.jpg,7
train/pepsi/9515.jpg,7
train/paulaner/8879.jpg,6
train/ups/12214.jpg,11
train/rittersport/9835.jpg,8
train/ferrari/6033.jpg,2
train/ferrari/5966.jpg,2
train/HP/7778.jpg,4
train/paulaner/9068.jpg,6
train/HP/7895.jpg,4
train/ferrari/5988.jpg,2
train/pepsi/9697.jpg,7
train/ups/12233.jpg,11
train/nvidia/8579.jpg,5
train/nvidia/8664.jpg,5
train/pepsi/9559.jpg,7
train/shell/10151.jpg,9
train/shell/10051.jpg,9
train/nvidia/8629.jpg,5
train/rittersport/9907.jpg,8
train/ups/12163.jpg,11
train/ferrari/6123.jpg,2
train/ferrari/6406.jpg,2
train/ups/12222.jpg,11
train/pepsi/9209.jpg,7
train/pepsi/9659.jpg,7
train/starbucks/10698.jpg,10
train/paulaner/8886.jpg,6
train/bmw/1310.jpg,1
train/paulaner/9011.jpg,6
train/nvidia/8586.jpg,5
train/bmw/1472.jpg,1
train/becks/1037.jpg,0
train/paulaner/8766.jpg,6
train/shell/10106.jpg,9
train/HP/7905.jpg,4
train/bmw/1520.jpg,1
train/bmw/1273.jpg,1
train/shell/10101.jpg,9
train/pepsi/9487.jpg,7
train/paulaner/8786.jpg,6
train/ups/12226.jpg,11
train/becks/1020.jpg,0
train/becks/989.jpg,0
train/starbucks/10826.jpg,10
train/paulaner/9024.jpg,6
train/ferrari/6431.jpg,2
train/pepsi/9333.jpg,7
train/ford/6574.jpg,3
train/paulaner/9108.jpg,6
train/starbucks/10506.jpg,10
train/shell/10154.jpg,9
train/becks/1107.jpg,0
train/paulaner/8820.jpg,6
train/pepsi/9553.jpg,7
train/starbucks/10638.jpg,10
train/nvidia/8696.jpg,5
train/becks/1005.jpg,0
train/pepsi/9591.jpg,7
train/rittersport/9918.jpg,8
train/bmw/1478.jpg,1
train/starbucks/10535.jpg,10
train/starbucks/10531.jpg,10
train/starbucks/10817.jpg,10
train/ferrari/6256.jpg,2
train/ups/12267.jpg,11
train/ferrari/6004.jpg,2
train/nvidia/8680.jpg,5
train/ferrari/6051.jpg,2
train/paulaner/9176.jpg,6
train/ford/6536.jpg,3
train/starbucks/10798.jpg,10
train/pepsi/9397.jpg,7
train/ferrari/6364.jpg,2
train/ferrari/6211.jpg,2
train/nvidia/8714.jpg,5
train/ford/6577.jpg,3
train/becks/974.jpg,0
train/paulaner/8867.jpg,6
train/rittersport/9753.jpg,8
train/pepsi/9667.jpg,7
train/starbucks/10528.jpg,10
train/ups/12253.jpg,11
train/starbucks/10450.jpg,10
train/becks/1097.jpg,0
train/becks/1012.jpg,0
train/becks/1117.jpg,0
train/starbucks/10706.jpg,10
train/ferrari/6173.jpg,2
train/bmw/1541.jpg,1
train/ford/6589.jpg,3
train/ferrari/6297.jpg,2
train/starbucks/10461.jpg,10
train/ford/6483.jpg,3
train/starbucks/10509.jpg,10
train/bmw/1373.jpg,1
train/starbucks/10654.jpg,10
train/bmw/1647.jpg,1
train/shell/9984.jpg,9
train/bmw/1620.jpg,1
train/ups/11997.jpg,11
train/ferrari/6175.jpg,2
train/starbucks/10580.jpg,10
train/ferrari/6076.jpg,2
train/pepsi/9519.jpg,7
train/bmw/1366.jpg,1
train/paulaner/9044.jpg,6
train/rittersport/9959.jpg,8
train/rittersport/9963.jpg,8
train/starbucks/10847.jpg,10
train/starbucks/10386.jpg,10
train/ferrari/6200.jpg,2
train/HP/7929.jpg,4
train/nvidia/8585.jpg,5
train/pepsi/9201.jpg,7
train/pepsi/9315.jpg,7
train/rittersport/9924.jpg,8
train/rittersport/9787.jpg,8
train/bmw/1434.jpg,1
train/ups/12097.jpg,11
train/bmw/1521.jpg,1
train/ferrari/6032.jpg,2
train/pepsi/9255.jpg,7
train/starbucks/10882.jpg,10
train/nvidia/8707.jpg,5
train/ferrari/5994.jpg,2
train/ferrari/6029.jpg,2
train/starbucks/10435.jpg,10
train/paulaner/8894.jpg,6
train/pepsi/9455.jpg,7
train/starbucks/10861.jpg,10
train/bmw/1266.jpg,1
train/bmw/1184.jpg,1
train/starbucks/10885.jpg,10
train/bmw/1349.jpg,1
train/ford/6490.jpg,3
train/ferrari/6070.jpg,2
train/starbucks/10805.jpg,10
train/shell/10127.jpg,9
train/pepsi/9576.jpg,7
train/paulaner/9004.jpg,6
train/ferrari/6245.jpg,2
train/HP/7982.jpg,4
train/starbucks/10907.jpg,10
train/HP/7829.jpg,4
train/pepsi/9679.jpg,7
train/starbucks/10577.jpg,10
train/rittersport/9733.jpg,8
train/HP/7738.jpg,4
train/HP/7720.jpg,4
train/becks/1106.jpg,0
train/rittersport/9747.jpg,8
train/paulaner/8978.jpg,6
train/starbucks/10652.jpg,10
train/bmw/1421.jpg,1
train/paulaner/8726.jpg,6
train/paulaner/9169.jpg,6
train/rittersport/9776.jpg,8
train/bmw/1179.jpg,1
train/shell/10169.jpg,9
train/shell/10126.jpg,9
train/paulaner/8887.jpg,6
train/rittersport/9939.jpg,8
train/pepsi/9200.jpg,7
train/ups/12210.jpg,11
train/paulaner/8921.jpg,6
train/nvidia/8556.jpg,5
train/becks/1018.jpg,0
train/ford/6471.jpg,3
train/pepsi/9318.jpg,7
train/becks/1049.jpg,0
train/shell/10023.jpg,9
train/becks/1108.jpg,0
train/bmw/1413.jpg,1
train/paulaner/9101.jpg,6
train/pepsi/9259.jpg,7
train/starbucks/10906.jpg,10
train/paulaner/9175.jpg,6
train/HP/7766.jpg,4
train/ferrari/6138.jpg,2
train/HP/7873.jpg,4
train/starbucks/10692.jpg,10
train/ferrari/6270.jpg,2
train/ferrari/6212.jpg,2
train/ford/6617.jpg,3
train/HP/7993.jpg,4
train/paulaner/8752.jpg,6
train/shell/9998.jpg,9
train/paulaner/9098.jpg,6
train/ford/6480.jpg,3
train/rittersport/9730.jpg,8
train/HP/8014.jpg,4
train/rittersport/9710.jpg,8
train/bmw/1403.jpg,1
train/pepsi/9420.jpg,7
train/pepsi/9213.jpg,7
